Identifier,Collection Date,Number of bubbles,Bubble Detector ID,Sensitivity (b/mrem),Calculated Exposure (mrem),City,Province/Territory
8163f602-9db5-4c01-9045-d7d997315c82,2018-12-18T12:21:00.000-05:00,3,18051217,44,0.068,London,Ontario
8163f602-9db5-4c01-9045-d7d997315c82,2019-01-16T12:46:00.000-05:00,0,18129251,41,0,London,Ontario
1f129390-03f2-429b-abc6-66cfee9bf519,2019-01-16T14:16:00.000-04:00,1,18047344,47,0.021276596,Florenceville-Bristol,New Brunswick
2e8106c0-d481-446b-bbbb-c32740eef411,2019-02-19T07:30:00.000-05:00,0,18051554,47,0,Longueuil,Quebec
df5eceb7-3194-4e9a-86e0-b5e9f1ac8413,2019-02-19T07:30:00.000-05:00,0,18051554,47,0,Longueuil,Quebec
6648c712-0630-4539-af6d-f59cd463ae54,2019-02-19T07:30:00.000-05:00,0,18051554,47,0,Longueuil,Quebec
5f93d214-802f-415b-8551-862e28c19789,2019-01-16T14:00:00.000-08:00,1,18046220,53,0.018867925,Salmon Arm,British Columbia
8163f602-9db5-4c01-9045-d7d997315c82,2019-01-17T12:14:00.000-05:00,2,18129251,41,0.049,London,Ontario
5f93d214-802f-415b-8551-862e28c19789,2019-01-18T14:30:00.000-08:00,1,18046220,53,0.018867925,Salmon Arm,British Columbia
a055e33c-887f-4e89-a506-ceeb79adfc53,2019-01-19T20:05:00.000-05:00,2,18130148,42,0.047619048,London,Ontario
a055e33c-887f-4e89-a506-ceeb79adfc53,2019-01-20T18:08:00.000-05:00,6,18130148,42,0.142857143,London,Ontario
0a341b7f-3663-4a85-896a-de92001479e0,2019-01-19T09:30:00.000-06:00,11,18051231,52,0.211538462,Stonewall,Manitoba
8163f602-9db5-4c01-9045-d7d997315c82,2019-01-21T12:15:00.000-05:00,3,18129251,41,0.073,London,Ontario
8163f602-9db5-4c01-9045-d7d997315c82,2019-01-18T12:25:00.000-05:00,1,18129251,41,0.024,London,Ontario
8163f602-9db5-4c01-9045-d7d997315c82,2019-01-19T12:25:00.000-05:00,2,18129251,41,0.049,London,Ontario
8163f602-9db5-4c01-9045-d7d997315c82,2019-01-20T12:28:00.000-05:00,1,18129251,44,0.024,London,Ontario
5f93d214-802f-415b-8551-862e28c19789,2019-01-19T14:30:00.000-08:00,2,18046220,53,0.037735849,Salmon Arm,British Columbia
5f93d214-802f-415b-8551-862e28c19789,2019-01-20T15:30:00.000-08:00,1,18046220,53,0.018867925,Salmon Arm,British Columbia
67837e41-158f-4f50-b569-b342e84d1233,2019-01-18T16:01:00.000-05:00,2,18129240,55,0.036363636,Amqui,Quebec
67837e41-158f-4f50-b569-b342e84d1233,2019-01-20T09:00:00.000-05:00,0,18129240,55,0,Amqui,Quebec
5f93d214-802f-415b-8551-862e28c19789,2019-01-21T15:00:00.000-08:00,2,18046220,53,0.037735849,Salmon Arm,British Columbia
024f89b4-ea85-48e7-b2ee-8f4f752ddbe9,2019-01-22T10:00:00.000-05:00,1,16260124,46,0.02173913,Strathroy,Ontario
3c60c77a-a9f5-4e56-a425-e3c187faf59e,2019-03-25T13:09:00.000-04:00,12,18046221,53,0.22,Montreal,Quebec
5f93d214-802f-415b-8551-862e28c19789,2019-01-22T15:00:00.000-08:00,1,18046220,53,0.018867925,Salmon Arm,British Columbia
024f89b4-ea85-48e7-b2ee-8f4f752ddbe9,2019-01-16T10:00:00.000-05:00,1,16260124,46,0.02173913,Strathroy,Ontario
024f89b4-ea85-48e7-b2ee-8f4f752ddbe9,2019-01-17T09:58:00.000-05:00,0,16260124,46,0,Strathroy,Ontario
024f89b4-ea85-48e7-b2ee-8f4f752ddbe9,2019-01-23T10:23:00.000-05:00,1,16260124,46,0.02173913,Strathroy,Ontario
a055e33c-887f-4e89-a506-ceeb79adfc53,2019-01-23T15:08:00.000-05:00,7,18130148,42,0.166666667,London,Ontario
aa67859e-3213-438f-8623-77dca6789a1d,2019-01-17T12:47:00.000-05:00,2,18047333,48,0.041666667,LaSalle,Quebec
aa67859e-3213-438f-8623-77dca6789a1d,2019-01-19T20:00:00.000-05:00,1,18047333,48,0.020833333,LaSalle,Quebec
aa67859e-3213-438f-8623-77dca6789a1d,2019-01-20T08:52:00.000-05:00,1,18047333,48,0.020833333,LaSalle,Quebec
aa67859e-3213-438f-8623-77dca6789a1d,2019-01-21T10:59:00.000-05:00,0,18047333,48,0,LaSalle,Quebec
aa67859e-3213-438f-8623-77dca6789a1d,2019-01-22T14:18:00.000-05:00,0,18047333,48,0,LaSalle,Quebec
0a341b7f-3663-4a85-896a-de92001479e0,2019-01-14T13:05:00.000-06:00,1,18051231,52,0.019230769,Stonewall,Manitoba
0a341b7f-3663-4a85-896a-de92001479e0,2019-01-14T13:10:00.000-06:00,2,18051231,52,0.038461538,Stonewall,Manitoba
0a341b7f-3663-4a85-896a-de92001479e0,2019-01-16T13:15:00.000-06:00,4,18051231,52,0.076923077,Stonewall,Manitoba
0a341b7f-3663-4a85-896a-de92001479e0,2019-01-17T13:00:00.000-06:00,4,18051231,52,0.076923077,Stonewall,Manitoba
0a341b7f-3663-4a85-896a-de92001479e0,2019-01-18T13:05:00.000-06:00,5,18051231,52,0.096153846,Stonewall,Manitoba
0a341b7f-3663-4a85-896a-de92001479e0,2019-01-19T13:00:00.000-06:00,11,18051231,52,0.211538462,Stonewall,Manitoba
0a341b7f-3663-4a85-896a-de92001479e0,2019-01-21T13:05:00.000-06:00,6,18051231,52,0.115384615,Stonewall,Manitoba
0a341b7f-3663-4a85-896a-de92001479e0,2019-01-23T13:05:00.000-06:00,6,18051231,52,0.115384615,Stonewall,Manitoba
0a341b7f-3663-4a85-896a-de92001479e0,2019-01-24T15:45:00.000-06:00,11,18051231,52,0.211538462,Stonewall,Manitoba
5f93d214-802f-415b-8551-862e28c19789,2019-01-23T15:00:00.000-08:00,1,18046220,53,0.018867925,Salmon Arm,British Columbia
5f93d214-802f-415b-8551-862e28c19789,2019-01-24T15:00:00.000-08:00,1,18046220,53,0.018867925,Salmon Arm,British Columbia
024f89b4-ea85-48e7-b2ee-8f4f752ddbe9,2019-01-25T10:49:00.000-05:00,1,16260124,46,0.02173913,Strathroy,Ontario
02127c7f-69ce-41ee-ae58-402c405b5e49,2019-01-22T11:00:00.000-05:00,4,18129115,49,0.081632653,Port Dover,Ontario
02127c7f-69ce-41ee-ae58-402c405b5e49,2019-01-23T11:00:00.000-05:00,5,18129115,49,0.102040816,Port Dover,Ontario
02127c7f-69ce-41ee-ae58-402c405b5e49,2019-01-23T11:00:00.000-05:00,4,18129115,49,0.081632653,Port Dover,Ontario
02127c7f-69ce-41ee-ae58-402c405b5e49,2019-01-24T11:00:00.000-05:00,6,18129115,49,0.12244898,Port Dover,Ontario
02127c7f-69ce-41ee-ae58-402c405b5e49,2019-01-25T11:00:00.000-05:00,4,18129115,49,0.081632653,Port Dover,Ontario
1f129390-03f2-429b-abc6-66cfee9bf519,2019-01-25T14:59:00.000-04:00,7,18047344,47,0.14893617,Florenceville-Bristol,New Brunswick
5f93d214-802f-415b-8551-862e28c19789,2019-01-25T15:00:00.000-08:00,3,18046220,53,0.056603774,Salmon Arm,British Columbia
a055e33c-887f-4e89-a506-ceeb79adfc53,2019-01-26T22:23:00.000-05:00,9,18130148,42,0.214285714,London,Ontario
024f89b4-ea85-48e7-b2ee-8f4f752ddbe9,2019-01-28T10:16:00.000-05:00,4,16260124,46,0.086956522,Strathroy,Ontario
0b35e95b-f234-4bdd-b0b0-4048847dfe28,2019-01-29T12:57:00.000-04:00,5,18051203,58,0.086,Bridgewater,Nova Scotia
5f93d214-802f-415b-8551-862e28c19789,2019-01-29T15:00:00.000-08:00,2,18046220,53,0.037735849,Salmon Arm,British Columbia
1f129390-03f2-429b-abc6-66cfee9bf519,2019-01-30T09:37:00.000-04:00,1,18047344,47,0.021276596,Florenceville-Bristol,New Brunswick
024f89b4-ea85-48e7-b2ee-8f4f752ddbe9,2019-01-30T09:42:00.000-05:00,2,16260124,46,0.043478261,Strathroy,Ontario
009d1d48-27ab-4446-b20a-b67855ff8e8b,2019-01-30T08:52:00.000-07:00,1,17170223,47,0.021276596,Camrose,Alberta
1f129390-03f2-429b-abc6-66cfee9bf519,2019-01-31T12:47:00.000-04:00,2,18047344,47,0.042553191,Florenceville-Bristol,New Brunswick
5f93d214-802f-415b-8551-862e28c19789,2019-01-31T11:00:00.000-08:00,9,18046220,53,0.169811321,Salmon Arm,British Columbia
024f89b4-ea85-48e7-b2ee-8f4f752ddbe9,2019-02-01T09:47:00.000-05:00,2,16260124,46,0.043478261,Strathroy,Ontario
9519ed75-8806-4bad-a906-40e6bfc93cc7,2019-01-29T02:11:00.000-05:00,6,18051502,54,0.111111111,Sainte-Marie,Quebec
3327c487-1873-40a5-81eb-ebf0c4296959,2019-01-22T11:00:00.000-08:00,2,17072232,46,0.043478261,Port Hardy,British Columbia
3327c487-1873-40a5-81eb-ebf0c4296959,2019-01-23T12:00:00.000-08:00,1,17072232,46,0.02173913,Port Hardy,British Columbia
3327c487-1873-40a5-81eb-ebf0c4296959,2019-01-24T13:30:00.000-08:00,2,17072232,46,0.043478261,Port Hardy,British Columbia
3327c487-1873-40a5-81eb-ebf0c4296959,2019-01-25T10:00:00.000-08:00,2,17072232,46,0.043478261,Port Hardy,British Columbia
3327c487-1873-40a5-81eb-ebf0c4296959,2019-01-29T08:30:00.000-08:00,0,17072232,46,0,Port Hardy,British Columbia
3327c487-1873-40a5-81eb-ebf0c4296959,2019-01-30T09:30:00.000-08:00,0,17072232,46,0,Port Hardy,British Columbia
3327c487-1873-40a5-81eb-ebf0c4296959,2019-01-31T10:30:00.000-08:00,1,17072232,46,0.02173913,Port Hardy,British Columbia
3327c487-1873-40a5-81eb-ebf0c4296959,2019-02-01T09:00:00.000-08:00,4,17072232,46,0.086956522,Port Hardy,British Columbia
5f93d214-802f-415b-8551-862e28c19789,2019-02-01T15:30:00.000-08:00,5,18046220,53,0.094339623,Salmon Arm,British Columbia
d4f925c1-44d8-4209-902f-df2f6d9b6f50,2019-02-04T10:32:00.000-08:00,1,18046205,50,0.02,Sechelt,British Columbia
dad2387a-e40a-4a22-8ac7-1ff0c893d2da,2019-02-04T14:06:00.000-08:00,1,18046205,50,0.02,Sechelt,British Columbia
0b35e95b-f234-4bdd-b0b0-4048847dfe28,2019-02-05T14:40:00.000-04:00,1,18051203,58,0.017,Bridgewater,Nova Scotia
d5f82152-5e9b-4112-86a0-4471b05b6f82,2019-02-05T11:11:00.000-08:00,1,18046205,50,0.02,Sechelt,British Columbia
b0d40d82-757c-46da-af44-e9306f2a3aea,2019-02-05T13:09:00.000-08:00,1,18046205,50,0.02,Sechelt,British Columbia
5f93d214-802f-415b-8551-862e28c19789,2019-02-05T15:20:00.000-08:00,3,18046220,53,0.056603774,Salmon Arm,British Columbia
d4f925c1-44d8-4209-902f-df2f6d9b6f50,2019-02-06T08:59:00.000-08:00,1,18046205,50,0.02,Sechelt,British Columbia
dad2387a-e40a-4a22-8ac7-1ff0c893d2da,2019-02-06T13:08:00.000-08:00,1,18046205,50,0.02,Sechelt,British Columbia
0b35e95b-f234-4bdd-b0b0-4048847dfe28,2019-02-07T13:46:00.000-04:00,1,18051203,58,0.017,Bridgewater,Nova Scotia
5f93d214-802f-415b-8551-862e28c19789,2019-02-07T13:30:00.000-08:00,3,18046220,53,0.056603774,Salmon Arm,British Columbia
b0d40d82-757c-46da-af44-e9306f2a3aea,2019-02-07T13:52:00.000-08:00,0,18046205,50,0,Sechelt,British Columbia
b0d40d82-757c-46da-af44-e9306f2a3aea,2019-02-08T14:18:00.000-08:00,0,18046205,50,0,Sechelt,British Columbia
da3be5da-0ef7-4d36-84cb-c368409d9663,2019-02-11T09:15:00.000-05:00,2,18130249,49,0.04,London,Ontario
68021439-904b-4d53-b98c-5b40687f5d00,2019-02-13T09:00:00.000-07:00,1,17072241,53,0.018867925,Innisfail,Alberta
9caaea99-7447-4fe6-9116-efa99147c123,2019-02-13T09:00:00.000-07:00,2,18130114,52,0.038461538,Innisfail,Alberta
b0d40d82-757c-46da-af44-e9306f2a3aea,2019-02-14T11:18:00.000-08:00,5,18046205,50,0.1,Sechelt,British Columbia
d5f82152-5e9b-4112-86a0-4471b05b6f82,2019-02-14T12:58:00.000-08:00,6,18046205,50,0.12,Sechelt,British Columbia
68021439-904b-4d53-b98c-5b40687f5d00,2019-02-14T14:30:00.000-07:00,2,17072241,53,0.037735849,Innisfail,Alberta
9caaea99-7447-4fe6-9116-efa99147c123,2019-02-15T09:00:00.000-07:00,2,18130114,52,0.038461538,Innisfail,Alberta
0b35e95b-f234-4bdd-b0b0-4048847dfe28,2019-02-15T13:53:00.000-04:00,0,18051203,58,0,Bridgewater,Nova Scotia
4ea0356b-8ca6-4493-912a-866f9ff95eeb,2019-02-19T08:36:00.000-05:00,1,18130212,49,0.020408163,East Angus,Quebec
56389f81-1962-4add-9138-c292f7e5a132,2019-02-19T08:38:00.000-05:00,1,18130212,49,0.020408163,East Angus,Quebec
c6d6037c-545f-4201-8eaa-5dd518480bd1,2019-02-19T08:39:00.000-05:00,1,18130212,49,0.020408163,East Angus,Quebec
6fc011b2-4310-4244-bd9a-c3e4aef54e64,2019-02-19T08:40:00.000-05:00,1,18130212,49,0.020408163,East Angus,Quebec
d76ddb9e-b3e7-4616-b4ed-0b91f5062469,2019-02-19T08:41:00.000-05:00,1,18130212,49,0.020408163,East Angus,Quebec
959484ae-c895-403a-83df-59404e44b9f6,2019-02-19T11:27:00.000-05:00,0,17170336,56,0,Petawawa,Ontario
c7ac3b2b-09d0-445f-809f-408a1c8456d4,2019-02-19T12:30:00.000-05:00,0,18051426,45,0,Eganville,Ontario
3c60c77a-a9f5-4e56-a425-e3c187faf59e,2019-03-27T13:10:00.000-04:00,13,18046221,53,0.24,Montreal,Quebec
849d5554-9ed3-40da-8365-83c8a0c93a0f,2019-02-19T14:16:00.000-05:00,0,18051442,61,0,Deep River,Ontario
51d30129-a05c-4cf8-bc1e-4410c6257e0c,2019-02-19T12:29:00.000-07:00,3,18051351,56,0.053571429,Whitecourt,Alberta
b0d40d82-757c-46da-af44-e9306f2a3aea,2019-02-19T13:30:00.000-08:00,3,18046205,50,0.06,Sechelt,British Columbia
d5f82152-5e9b-4112-86a0-4471b05b6f82,2019-02-19T13:35:00.000-08:00,3,18046205,50,0.06,Sechelt,British Columbia
1fb1e547-c62b-4e89-82bb-1e4c45e9d9f5,2019-02-02T11:30:00.000-08:00,2,17072232,46,0.043478261,Port Hardy,British Columbia
1fb1e547-c62b-4e89-82bb-1e4c45e9d9f5,2019-02-05T11:00:00.000-08:00,0,17072232,46,0,Port Hardy,British Columbia
1fb1e547-c62b-4e89-82bb-1e4c45e9d9f5,2019-02-06T08:00:00.000-08:00,0,17072232,46,0,Port Hardy,British Columbia
1fb1e547-c62b-4e89-82bb-1e4c45e9d9f5,2019-02-07T08:00:00.000-08:00,1,17072232,46,0.02173913,Port Hardy,British Columbia
1fb1e547-c62b-4e89-82bb-1e4c45e9d9f5,2019-02-08T08:30:00.000-08:00,0,17072232,46,0,Port Hardy,British Columbia
1fb1e547-c62b-4e89-82bb-1e4c45e9d9f5,2019-02-12T08:00:00.000-08:00,5,17072232,46,0.108695652,Port Hardy,British Columbia
1fb1e547-c62b-4e89-82bb-1e4c45e9d9f5,2019-02-13T08:00:00.000-08:00,1,17072232,46,0.02173913,Port Hardy,British Columbia
1fb1e547-c62b-4e89-82bb-1e4c45e9d9f5,2019-02-14T08:00:00.000-08:00,1,17072232,46,0.02173913,Port Hardy,British Columbia
1fb1e547-c62b-4e89-82bb-1e4c45e9d9f5,2019-02-15T10:00:00.000-08:00,0,17072232,46,0,Port Hardy,British Columbia
2e8106c0-d481-446b-bbbb-c32740eef411,2019-02-20T07:17:00.000-05:00,0,18051554,47,0,Longueuil,Quebec
df5eceb7-3194-4e9a-86e0-b5e9f1ac8413,2019-02-20T07:18:00.000-05:00,0,18051554,47,0,Longueuil,Quebec
6648c712-0630-4539-af6d-f59cd463ae54,2019-02-20T07:19:00.000-05:00,0,18051554,47,0,Longueuil,Quebec
959484ae-c895-403a-83df-59404e44b9f6,2019-02-20T12:11:00.000-05:00,0,17170336,56,0,Petawawa,Ontario
4a18ec7e-d7a8-4cd0-8d1d-8f02893c05ad,2019-02-20T12:27:00.000-05:00,0,18129243,51,0,Ottawa,Ontario
0b35e95b-f234-4bdd-b0b0-4048847dfe28,2019-02-20T14:03:00.000-04:00,1,18051203,58,0.017,Bridgewater,Nova Scotia
4ea0356b-8ca6-4493-912a-866f9ff95eeb,2019-02-20T13:08:00.000-05:00,2,18130212,49,0.040816327,East Angus,Quebec
63579a04-e81b-4dfe-93e7-8d1ce3131de4,2019-02-20T15:30:00.000-03:30,6,18051415,54,0.111111111,Channel-Port Aux Basques,Newfoundland and Labrador
02af2a79-c8f7-4353-9163-8755a007df08,2019-02-20T15:20:00.000-04:00,1,18046215,48,0.020833333,Bridgewater,Nouvelle-?cosse
849d5554-9ed3-40da-8365-83c8a0c93a0f,2019-02-20T14:54:00.000-05:00,1,18051442,61,0.016393443,Deep River,Ontario
c7ac3b2b-09d0-445f-809f-408a1c8456d4,2019-02-20T15:00:00.000-05:00,0,18051426,45,0,Eganville,Ontario
1d00beaf-16c0-43ea-88c5-34e773c1392d,2019-02-20T12:00:00.000-08:00,0,18051404,58,0,Chilliwack,British Columbia
51d30129-a05c-4cf8-bc1e-4410c6257e0c,2019-02-20T13:59:00.000-07:00,0,18051351,56,0,Whitecourt,Alberta
959484ae-c895-403a-83df-59404e44b9f6,2019-02-21T07:52:00.000-05:00,1,17170336,56,0.01785714,Petawawa,Ontario
d9e458d6-b7ce-4bf1-8ba3-62958a948c59,2019-02-21T08:28:00.000-05:00,1,18051343,52,0.019230769,Trenton,Ontario
1b4e620c-6c96-42ed-aab1-63e3409a5de5,2019-02-20T08:45:00.000-05:00,0,18129211,55,0,Mississauga,Ontario
1b4e620c-6c96-42ed-aab1-63e3409a5de5,2019-02-21T08:45:00.000-05:00,0,18129211,55,0,Mississauga,Ontario
16ac7c83-6f69-4683-b2e5-be67827c1c0f,2019-02-18T09:56:00.000-05:00,2,18046246,53,0.037735849,Saguenay,Quebec
16ac7c83-6f69-4683-b2e5-be67827c1c0f,2019-02-19T09:58:00.000-05:00,0,18046246,53,0,Saguenay,Quebec
2e8106c0-d481-446b-bbbb-c32740eef411,2019-02-21T08:06:00.000-05:00,0,18051554,47,0,Longueuil,Quebec
df5eceb7-3194-4e9a-86e0-b5e9f1ac8413,2019-02-21T08:07:00.000-05:00,0,18051554,47,0,Longueuil,Quebec
6648c712-0630-4539-af6d-f59cd463ae54,2019-02-21T08:08:00.000-05:00,0,18051554,47,0,Longueuil,Quebec
0c5c5e8f-eeb7-4ba3-ba09-2e3a62b152bb,2019-02-21T11:00:00.000-05:00,1,18129209,44,0.022727273,Ottawa,Ontario
1f129390-03f2-429b-abc6-66cfee9bf519,2019-02-21T12:54:00.000-04:00,2,18047344,47,0.042553191,Florenceville-Bristol,New Brunswick
e252569c-3a8f-4ee0-850b-34aa38011db4,2019-02-21T09:00:00.000-08:00,2,18129253,45,0.044444444,Coquitlam,British Columbia
1d00beaf-16c0-43ea-88c5-34e773c1392d,2019-02-21T09:21:00.000-08:00,1,18051404,58,0.017241379,Chilliwack,British Columbia
024f89b4-ea85-48e7-b2ee-8f4f752ddbe9,2019-02-21T12:40:00.000-05:00,2,16260124,46,0.043478261,Strathroy,Ontario
3c60c77a-a9f5-4e56-a425-e3c187faf59e,2019-03-28T14:22:00.000-04:00,13,18046221,53,0.24,Montreal,Quebec
63579a04-e81b-4dfe-93e7-8d1ce3131de4,2019-02-21T15:17:00.000-03:30,2,18051415,54,0.037037037,Channel-Port Aux Basques,Newfoundland and Labrador
849d5554-9ed3-40da-8365-83c8a0c93a0f,2019-02-21T14:21:00.000-05:00,1,18051442,61,0.0163934,Deep River,Ontario
9dde2b0e-a95b-4421-9c49-bca65602dc63,2019-02-21T11:31:00.000-08:00,1,18130228,48,0.020833333,Tsawwassen,British Columbia
51d30129-a05c-4cf8-bc1e-4410c6257e0c,2019-02-21T12:33:00.000-07:00,0,18051351,56,0,Whitecourt,Alberta
4cbad0d3-9069-474f-93ad-0582c6930118,2019-02-18T02:09:00.000-05:00,3,18129115,49,0.06122449,Port Dover,Ontario
4cbad0d3-9069-474f-93ad-0582c6930118,2019-02-19T02:10:00.000-05:00,4,18129115,49,0.081632653,Port Dover,Ontario
4cbad0d3-9069-474f-93ad-0582c6930118,2019-02-20T02:10:00.000-05:00,3,18129115,49,0.06122449,Port Dover,Ontario
4cbad0d3-9069-474f-93ad-0582c6930118,2019-02-21T02:10:00.000-05:00,6,18129115,49,0.12244898,Port Dover,Ontario
c7ac3b2b-09d0-445f-809f-408a1c8456d4,2019-02-21T15:00:00.000-05:00,0,18051426,45,0,Eganville,Ontario
1fb1e547-c62b-4e89-82bb-1e4c45e9d9f5,2019-02-19T12:00:00.000-08:00,0,17072232,46,0,Port Hardy,British Columbia
1fb1e547-c62b-4e89-82bb-1e4c45e9d9f5,2019-02-20T11:30:00.000-08:00,1,17072232,46,0.02173913,Port Hardy,British Columbia
1fb1e547-c62b-4e89-82bb-1e4c45e9d9f5,2019-02-21T15:30:00.000-08:00,1,17072232,46,0.02173913,Port Hardy,British Columbia
7cda7462-6d8d-439c-b482-5bd6d768352a,2019-02-21T15:00:00.000-07:00,2,18129247,53,0.037735849,Calgary,Alberta
2e8106c0-d481-446b-bbbb-c32740eef411,2019-02-22T07:45:00.000-05:00,1,18051554,47,0.021276596,Longueuil,Quebec
df5eceb7-3194-4e9a-86e0-b5e9f1ac8413,2019-02-22T07:46:00.000-05:00,1,18051554,47,0.021276596,Longueuil,Quebec
6648c712-0630-4539-af6d-f59cd463ae54,2019-02-22T07:48:00.000-05:00,1,18051554,47,0.021276596,Longueuil,Quebec
959484ae-c895-403a-83df-59404e44b9f6,2019-02-22T08:25:00.000-05:00,1,17170336,56,0.01785714,Petawawa,Ontario
d9e458d6-b7ce-4bf1-8ba3-62958a948c59,2019-02-22T08:43:00.000-05:00,1,18051343,52,0.019230769,Trenton,Ontario
e053901a-f834-44f5-93d0-e2b88c9b7cdc,2019-02-20T11:00:00.000-08:00,1,18130214,57,0.01754386,Vancouver,British Columbia
4a18ec7e-d7a8-4cd0-8d1d-8f02893c05ad,2019-02-22T12:37:00.000-05:00,1,18129243,51,0.02,Ottawa,Ontario
849d5554-9ed3-40da-8365-83c8a0c93a0f,2019-02-22T14:19:00.000-05:00,2,18051442,61,0.0327868,Deep River,Ontario
63579a04-e81b-4dfe-93e7-8d1ce3131de4,2019-02-22T16:12:00.000-03:30,0,18051415,54,0,Channel-Port Aux Basques,Newfoundland and Labrador
51d30129-a05c-4cf8-bc1e-4410c6257e0c,2019-02-22T13:58:00.000-07:00,0,18051351,56,0,Whitecourt,Alberta
c7ac3b2b-09d0-445f-809f-408a1c8456d4,2019-02-22T15:05:00.000-05:00,0,18051426,45,0,Eganville,Ontario
9d9924b4-8e45-4b09-aa40-12c9554f5170,2019-02-21T22:00:00.000-05:00,0,18129417,47,0,Toronto,Ontario
9d9924b4-8e45-4b09-aa40-12c9554f5170,2019-02-22T10:40:00.000-05:00,0,18129417,47,0,Toronto,Ontario
e053901a-f834-44f5-93d0-e2b88c9b7cdc,2019-02-21T14:00:00.000-08:00,0,18130214,57,0,Vancouver,British Columbia
bc5c0816-cf09-4c78-a7fd-32583f0c34ed,2019-02-22T22:28:00.000-05:00,0,18051432,48,0,Ottawa,Ontario
2e8106c0-d481-446b-bbbb-c32740eef411,2019-02-23T08:02:00.000-05:00,0,18051554,47,0,Longueuil,Quebec
df5eceb7-3194-4e9a-86e0-b5e9f1ac8413,2019-02-23T08:02:00.000-05:00,0,18051554,47,0,Longueuil,Quebec
6648c712-0630-4539-af6d-f59cd463ae54,2019-02-23T08:03:00.000-05:00,0,18051554,47,0,Longueuil,Quebec
51d30129-a05c-4cf8-bc1e-4410c6257e0c,2019-02-23T16:05:00.000-07:00,1,18051351,56,0.017857143,Whitecourt,Alberta
807d5dcd-3485-4f3c-87e4-ae51dd391dd6,2019-02-20T10:07:00.000-07:00,3,18130311,52,0.057692308,Calgary,Alberta
4a18ec7e-d7a8-4cd0-8d1d-8f02893c05ad,2019-02-23T19:09:00.000-05:00,2,18129243,51,0.04,Ottawa,Ontario
d9e458d6-b7ce-4bf1-8ba3-62958a948c59,2019-02-23T21:33:00.000-05:00,0,18051343,52,0,Trenton,Ontario
2e8106c0-d481-446b-bbbb-c32740eef411,2019-02-24T07:23:00.000-05:00,1,18051554,47,0.021276596,Longueuil,Quebec
df5eceb7-3194-4e9a-86e0-b5e9f1ac8413,2019-02-24T07:24:00.000-05:00,1,18051554,47,0.021276596,Longueuil,Quebec
6648c712-0630-4539-af6d-f59cd463ae54,2019-02-24T07:24:00.000-05:00,1,18051554,47,0.021276596,Longueuil,Quebec
6c36af52-dc30-4adf-8210-d9d36caa017d,2019-02-24T09:45:00.000-05:00,2,18051445,43,0.046511628,Montreal,Quebec
4cbad0d3-9069-474f-93ad-0582c6930118,2019-02-22T10:00:00.000-05:00,3,18129115,49,0.06122449,Port Dover,Ontario
4cbad0d3-9069-474f-93ad-0582c6930118,2019-02-23T14:30:00.000-05:00,1,18129115,49,0.020408163,Port Dover,Ontario
3c60c77a-a9f5-4e56-a425-e3c187faf59e,2019-03-29T13:06:00.000-04:00,13,18046221,53,0.24,Montreal,Quebec
7cda7462-6d8d-439c-b482-5bd6d768352a,2019-02-22T15:31:00.000-07:00,2,18129247,53,0.037735849,Calgary,Alberta
7cda7462-6d8d-439c-b482-5bd6d768352a,2019-02-23T17:00:00.000-07:00,5,18129247,53,0.094339623,Calgary,Alberta
3c60c77a-a9f5-4e56-a425-e3c187faf59e,2019-04-01T13:07:00.000-04:00,14,18046221,53,0.26,Montreal,Quebec
7cda7462-6d8d-439c-b482-5bd6d768352a,2019-02-24T19:00:00.000-07:00,6,18129247,53,0.113207547,Calgary,Alberta
5e6065eb-1c77-43d9-8a9b-330542ec6361,2019-02-20T13:30:00.000-03:30,7,18129260,54,0.12962963,Grand Falls-Windsor,Newfoundland and Labrador
5e6065eb-1c77-43d9-8a9b-330542ec6361,2019-02-22T08:30:00.000-03:30,5,18129260,54,0.092592593,Grand Falls-Windsor,Newfoundland and Labrador
5e6065eb-1c77-43d9-8a9b-330542ec6361,2019-02-23T13:30:00.000-03:30,1,18129260,54,0.018518519,Grand Falls-Windsor,Newfoundland and Labrador
5e6065eb-1c77-43d9-8a9b-330542ec6361,2019-02-24T18:30:00.000-03:30,2,18129260,54,0.037037037,Grand Falls-Windsor,Newfoundland and Labrador
2e8106c0-d481-446b-bbbb-c32740eef411,2019-02-25T07:31:00.000-05:00,0,18051554,47,0,Longueuil,Quebec
df5eceb7-3194-4e9a-86e0-b5e9f1ac8413,2019-02-25T07:32:00.000-05:00,0,18051554,47,0,Longueuil,Quebec
6648c712-0630-4539-af6d-f59cd463ae54,2019-02-25T07:32:00.000-05:00,0,18051554,47,0,Longueuil,Quebec
1b4e620c-6c96-42ed-aab1-63e3409a5de5,2019-02-22T08:30:00.000-05:00,0,18129211,55,0,Mississauga,Ontario
1b4e620c-6c96-42ed-aab1-63e3409a5de5,2019-02-25T08:45:00.000-05:00,5,18129211,55,0.091,Mississauga,Ontario
849d5554-9ed3-40da-8365-83c8a0c93a0f,2019-02-25T10:03:00.000-05:00,5,18051442,61,0.0819672,Deep River,Ontario
4ea0356b-8ca6-4493-912a-866f9ff95eeb,2019-02-22T10:56:00.000-05:00,3,18130212,49,0.06122449,East Angus,Quebec
0c5c5e8f-eeb7-4ba3-ba09-2e3a62b152bb,2019-02-22T11:00:00.000-05:00,1,18129209,44,0.022727273,Ottawa,Ontario
0c5c5e8f-eeb7-4ba3-ba09-2e3a62b152bb,2019-02-23T11:00:00.000-05:00,3,18129209,44,0.068181818,Ottawa,Ontario
0c5c5e8f-eeb7-4ba3-ba09-2e3a62b152bb,2019-02-24T11:00:00.000-05:00,3,18129209,44,0.068181818,Ottawa,Ontario
0c5c5e8f-eeb7-4ba3-ba09-2e3a62b152bb,2019-02-25T11:00:00.000-05:00,2,18129209,44,0.045454545,Ottawa,Ontario
1efe5190-e5c9-4af5-b01b-c4f26b18483b,2019-02-20T15:15:00.000-05:00,7,17129149,49,0.142857143,Thornhill,Ontario
1efe5190-e5c9-4af5-b01b-c4f26b18483b,2019-02-20T15:15:00.000-05:00,0,18051202,50,0,Thornhill,Ontario
e252569c-3a8f-4ee0-850b-34aa38011db4,2019-02-25T10:35:00.000-08:00,0,18129253,45,0,Coquitlam,British Columbia
1efe5190-e5c9-4af5-b01b-c4f26b18483b,2019-02-21T15:20:00.000-05:00,8,17129149,49,0.163265306,Thornhill,Ontario
e252569c-3a8f-4ee0-850b-34aa38011db4,2019-02-24T18:00:00.000-08:00,4,18129253,45,0.088888889,Coquitlam,British Columbia
1efe5190-e5c9-4af5-b01b-c4f26b18483b,2019-02-21T15:20:00.000-05:00,0,18051202,50,0,Thornhill,Ontario
1efe5190-e5c9-4af5-b01b-c4f26b18483b,2019-02-21T15:20:00.000-05:00,0,18051202,50,0,Thornhill,Ontario
d4f925c1-44d8-4209-902f-df2f6d9b6f50,2019-02-25T14:00:00.000-08:00,4,18046205,50,0.08,Sechelt,British Columbia
4a18ec7e-d7a8-4cd0-8d1d-8f02893c05ad,2019-02-24T19:24:00.000-05:00,1,18129243,51,0.02,Ottawa,Ontario
4a18ec7e-d7a8-4cd0-8d1d-8f02893c05ad,2019-02-26T12:28:00.000-05:00,1,18129243,51,0.02,Ottawa,Ontario
c417c203-b8dd-4183-aa6e-10967b8d6108,2019-02-20T12:45:00.000-05:00,1,18047348,45,0.02,Ottawa,Ontario
3a81f8f1-0ebf-4d14-9e5c-5d03cd8e9682,2019-02-19T09:30:00.000-05:00,1,18051544,55,0.018181818,Montreal,Quebec
3a81f8f1-0ebf-4d14-9e5c-5d03cd8e9682,2019-02-20T09:30:00.000-05:00,0,18051544,55,0,Montreal,Quebec
3a81f8f1-0ebf-4d14-9e5c-5d03cd8e9682,2019-02-21T12:25:00.000-05:00,1,18051544,55,0.018181818,Montreal,Quebec
3a81f8f1-0ebf-4d14-9e5c-5d03cd8e9682,2019-02-22T09:30:00.000-05:00,1,18051544,55,0.018181818,Montreal,Quebec
3a81f8f1-0ebf-4d14-9e5c-5d03cd8e9682,2019-02-25T21:30:00.000-05:00,0,18051544,55,0,Montreal,Quebec
3a81f8f1-0ebf-4d14-9e5c-5d03cd8e9682,2019-02-26T09:30:00.000-05:00,0,18051544,55,0,Montreal,Quebec
c417c203-b8dd-4183-aa6e-10967b8d6108,2019-02-21T12:40:00.000-05:00,1,18047348,45,0.02,Ottawa,Ontario
16ac7c83-6f69-4683-b2e5-be67827c1c0f,2019-02-21T12:53:00.000-05:00,1,18046246,53,0.018867925,Saguenay,Quebec
16ac7c83-6f69-4683-b2e5-be67827c1c0f,2019-02-22T12:54:00.000-05:00,1,18046246,53,0.018867925,Saguenay,Quebec
bca40704-6796-4e2a-a5a2-62493aad6374,2019-02-20T10:56:00.000-07:00,1,18130204,54,0.0185185,St. Albert,Alberta
c417c203-b8dd-4183-aa6e-10967b8d6108,2019-02-23T12:40:00.000-05:00,2,18047348,45,0.04,Ottawa,Ontario
c417c203-b8dd-4183-aa6e-10967b8d6108,2019-02-22T12:40:00.000-05:00,2,18047348,45,0.04,Ottawa,Ontario
c417c203-b8dd-4183-aa6e-10967b8d6108,2019-02-24T12:40:00.000-05:00,1,18047348,45,0.02,Ottawa,Ontario
c417c203-b8dd-4183-aa6e-10967b8d6108,2019-02-25T12:40:00.000-05:00,1,18047348,45,0.02,Ottawa,Ontario
c417c203-b8dd-4183-aa6e-10967b8d6108,2019-02-26T12:40:00.000-05:00,2,18047348,45,0.04,Ottawa,Ontario
e053901a-f834-44f5-93d0-e2b88c9b7cdc,2019-02-22T17:00:00.000-08:00,2,18130214,57,0.035087719,Vancouver,British Columbia
e053901a-f834-44f5-93d0-e2b88c9b7cdc,2019-02-23T20:15:00.000-08:00,1,18130214,57,0.017543859,Vancouver,British Columbia
2e8106c0-d481-446b-bbbb-c32740eef411,2019-02-26T07:22:00.000-05:00,0,18051554,47,0,Longueuil,Quebec
df5eceb7-3194-4e9a-86e0-b5e9f1ac8413,2019-02-26T07:23:00.000-05:00,0,18051554,47,0,Longueuil,Quebec
6648c712-0630-4539-af6d-f59cd463ae54,2019-02-26T07:24:00.000-05:00,0,18051554,47,0,Longueuil,Quebec
849d5554-9ed3-40da-8365-83c8a0c93a0f,2019-02-26T14:15:00.000-05:00,7,18051442,61,0.114754,Deep River,Ontario
1d00beaf-16c0-43ea-88c5-34e773c1392d,2019-02-26T11:00:00.000-08:00,3,18051404,58,0.051724138,Chilliwack,British Columbia
bab46cbd-34c0-4420-b1dc-5e6d035164d4,2019-02-20T23:00:00.000-06:00,6,18128312,52,0.1154,Dryden,Ontario
bab46cbd-34c0-4420-b1dc-5e6d035164d4,2019-02-21T23:15:00.000-06:00,5,18128312,52,0.0962,Dryden,Ontario
bab46cbd-34c0-4420-b1dc-5e6d035164d4,2019-02-22T23:05:00.000-06:00,7,18128312,52,0.1346,Dryden,Ontario
bab46cbd-34c0-4420-b1dc-5e6d035164d4,2019-02-25T09:00:00.000-06:00,7,18128312,52,0.1346,Dryden,Ontario
02af2a79-c8f7-4353-9163-8755a007df08,2019-02-25T15:46:00.000-04:00,4,18046215,48,0.083333333,Bridgewater,Nouvelle-?cosse
bca40704-6796-4e2a-a5a2-62493aad6374,2019-02-21T13:37:00.000-07:00,1,18130204,54,0.0185185,St. Albert,Alberta
bca40704-6796-4e2a-a5a2-62493aad6374,2019-02-22T13:41:00.000-07:00,3,18130204,54,0.0555555,St. Albert,Alberta
bca40704-6796-4e2a-a5a2-62493aad6374,2019-02-23T13:43:00.000-07:00,1,18130204,54,0.0185185,St. Albert,Alberta
bca40704-6796-4e2a-a5a2-62493aad6374,2019-02-24T13:47:00.000-07:00,1,18130204,54,0.0185185,St. Albert,Alberta
bca40704-6796-4e2a-a5a2-62493aad6374,2019-02-25T13:50:00.000-07:00,1,18130204,54,0.0185185,St. Albert,Alberta
bca40704-6796-4e2a-a5a2-62493aad6374,2019-02-26T13:52:00.000-07:00,1,18130204,54,0.0185185,St. Albert,Alberta
51d30129-a05c-4cf8-bc1e-4410c6257e0c,2019-02-26T13:55:00.000-07:00,1,18051351,56,0.0179,Whitecourt,Alberta
7fd73eed-73c5-48ce-bf15-3938c44c149a,2019-02-26T14:00:00.000-07:00,0,18129338,60,0,Calgary,Alberta
f67c875d-efc7-462a-9c19-6cbb18774fe9,2019-02-21T12:00:00.000-05:00,0,18129417,47,0,Toronto,Ontario
f67c875d-efc7-462a-9c19-6cbb18774fe9,2019-02-22T12:00:00.000-05:00,0,18129417,47,0,Toronto,Ontario
f67c875d-efc7-462a-9c19-6cbb18774fe9,2019-02-23T12:00:00.000-05:00,3,18129417,47,0.06,Toronto,Ontario
f67c875d-efc7-462a-9c19-6cbb18774fe9,2019-02-24T12:00:00.000-05:00,4,18129417,47,0.08,Toronto,Ontario
f67c875d-efc7-462a-9c19-6cbb18774fe9,2019-02-25T12:00:00.000-05:00,3,18129417,47,0.06,Toronto,Ontario
f67c875d-efc7-462a-9c19-6cbb18774fe9,2019-02-26T12:00:00.000-05:00,3,18129417,47,0.06,Toronto,Ontario
063292af-2a6b-416f-b021-5e75ad887657,2019-02-19T20:00:00.000-05:00,1,18046230,52,0.019230769,Hanover,Ontario
063292af-2a6b-416f-b021-5e75ad887657,2019-02-20T20:00:00.000-05:00,2,18046230,52,0.038461539,Hanover,Ontario
063292af-2a6b-416f-b021-5e75ad887657,2019-02-21T20:00:00.000-05:00,2,18046230,52,0.038461539,Hanover,Ontario
063292af-2a6b-416f-b021-5e75ad887657,2019-02-22T20:00:00.000-05:00,3,18046230,52,0.057692308,Hanover,Ontario
063292af-2a6b-416f-b021-5e75ad887657,2019-02-23T20:00:00.000-05:00,3,18046230,52,0.057692308,Hanover,Ontario
063292af-2a6b-416f-b021-5e75ad887657,2019-02-24T20:00:00.000-05:00,4,18046230,52,0.076923077,Hanover,Ontario
063292af-2a6b-416f-b021-5e75ad887657,2019-02-25T20:00:00.000-05:00,4,18046230,52,0.076923077,Hanover,Ontario
0b35e95b-f234-4bdd-b0b0-4048847dfe28,2019-02-26T09:20:00.000-04:00,2,18051203,58,0.034,Bridgewater,Nova Scotia
d9e458d6-b7ce-4bf1-8ba3-62958a948c59,2019-02-26T08:26:00.000-05:00,1,18051343,52,0.019230769,Trenton,Ontario
d9e458d6-b7ce-4bf1-8ba3-62958a948c59,2019-02-27T08:30:00.000-05:00,0,18051343,52,0,Trenton,Ontario
024f89b4-ea85-48e7-b2ee-8f4f752ddbe9,2019-02-27T09:46:00.000-05:00,7,16260124,46,0.152173913,Strathroy,Ontario
77441e8f-6665-41b3-bcc5-15e6ee310d6b,2019-02-20T15:30:00.000-06:00,0,18047235,42,0,Headingley,Manitoba
77441e8f-6665-41b3-bcc5-15e6ee310d6b,2019-02-21T15:30:00.000-06:00,0,18047235,42,0,Headingley,Manitoba
77441e8f-6665-41b3-bcc5-15e6ee310d6b,2019-02-22T15:30:00.000-06:00,1,18047235,42,0.02380952,Headingley,Manitoba
77441e8f-6665-41b3-bcc5-15e6ee310d6b,2019-02-23T15:30:00.000-06:00,0,18047235,42,0,Headingley,Manitoba
3c60c77a-a9f5-4e56-a425-e3c187faf59e,2019-04-02T14:23:00.000-04:00,14,18046221,53,0.26,Montreal,Quebec
3c60c77a-a9f5-4e56-a425-e3c187faf59e,2019-04-03T10:19:00.000-04:00,15,18046221,53,0.28,Montreal,Quebec
77441e8f-6665-41b3-bcc5-15e6ee310d6b,2019-02-24T15:30:00.000-06:00,0,18047235,42,0,Headingley,Manitoba
77441e8f-6665-41b3-bcc5-15e6ee310d6b,2019-02-25T15:30:00.000-06:00,2,18047235,42,0.04761905,Headingley,Manitoba
3c60c77a-a9f5-4e56-a425-e3c187faf59e,2019-04-04T14:25:00.000-04:00,14,18046221,53,0.26,Montreal,Quebec
7cda7462-6d8d-439c-b482-5bd6d768352a,2019-02-25T16:00:00.000-07:00,1,18129247,53,0.018867925,Calgary,Alberta
7cda7462-6d8d-439c-b482-5bd6d768352a,2019-02-26T16:00:00.000-07:00,1,18129247,53,0.018867925,Calgary,Alberta
024f89b4-ea85-48e7-b2ee-8f4f752ddbe9,2019-02-25T11:40:00.000-05:00,3,16260124,46,0.065217391,Strathroy,Ontario
dad2387a-e40a-4a22-8ac7-1ff0c893d2da,2019-02-27T08:58:00.000-08:00,1,18046205,50,0.02,Sechelt,British Columbia
6c107aaf-de6a-404a-9864-a8a708a852e4,2019-02-22T12:15:00.000-05:00,2,18130424,52,0.038461538,Brampton,Ontario
af8ce2f7-8567-4534-bbf7-7b2892b535e0,2019-02-22T13:30:00.000-05:00,2,18130424,52,0.03846,Brampton,Ontario
6c107aaf-de6a-404a-9864-a8a708a852e4,2019-02-22T12:15:00.000-05:00,2,18130424,52,0.038461538,Brampton,Ontario
6c107aaf-de6a-404a-9864-a8a708a852e4,2019-02-27T12:15:00.000-05:00,3,18130424,52,0.057692308,Brampton,Ontario
af8ce2f7-8567-4534-bbf7-7b2892b535e0,2019-02-27T13:30:00.000-05:00,3,18130424,52,0.05769,Brampton,Ontario
4a18ec7e-d7a8-4cd0-8d1d-8f02893c05ad,2019-02-27T14:30:00.000-05:00,2,18129243,51,0.04,Ottawa,Ontario
70aa09eb-f08d-4946-b502-3c623c9c6b2b,2019-02-20T09:00:00.000-06:00,0,17170304,56,0,Winnipeg,Manitoba
70aa09eb-f08d-4946-b502-3c623c9c6b2b,2019-02-21T09:00:00.000-06:00,0,17170304,56,0,Winnipeg,Manitoba
70aa09eb-f08d-4946-b502-3c623c9c6b2b,2019-02-22T09:00:00.000-06:00,0,17170304,56,0,Winnipeg,Manitoba
70aa09eb-f08d-4946-b502-3c623c9c6b2b,2019-02-23T09:00:00.000-06:00,1,17170304,56,0.0178,Winnipeg,Manitoba
70aa09eb-f08d-4946-b502-3c623c9c6b2b,2019-02-24T09:00:00.000-06:00,1,17170304,56,0.0178,Winnipeg,Manitoba
70aa09eb-f08d-4946-b502-3c623c9c6b2b,2019-02-25T09:00:00.000-06:00,1,17170304,56,0.0178,Winnipeg,Manitoba
70aa09eb-f08d-4946-b502-3c623c9c6b2b,2019-02-26T09:00:00.000-06:00,2,17170304,56,0.0357,Winnipeg,Manitoba
9fb3bbf0-a43a-40b0-9c90-b60fcd63ce51,2019-02-20T02:20:00.000-05:00,3,18051346,68,0.04,Gloucester,Ontario
d4f925c1-44d8-4209-902f-df2f6d9b6f50,2019-02-27T12:31:00.000-08:00,1,18046205,50,0.02,Sechelt,British Columbia
1b4e620c-6c96-42ed-aab1-63e3409a5de5,2019-02-26T08:55:00.000-05:00,1,18129211,55,0.018,Mississauga,Ontario
1b4e620c-6c96-42ed-aab1-63e3409a5de5,2019-02-27T08:40:00.000-05:00,0,18129211,55,0,Mississauga,Ontario
1b4e620c-6c96-42ed-aab1-63e3409a5de5,2019-02-28T08:30:00.000-05:00,2,18129211,55,0.036,Mississauga,Ontario
3c60c77a-a9f5-4e56-a425-e3c187faf59e,2019-04-08T13:00:00.000-04:00,15,18046221,53,0.28,Montreal,Quebec
0c5c5e8f-eeb7-4ba3-ba09-2e3a62b152bb,2019-02-27T11:00:00.000-05:00,2,18129209,44,0.045454545,Ottawa,Ontario
0c5c5e8f-eeb7-4ba3-ba09-2e3a62b152bb,2019-02-28T11:00:00.000-05:00,2,18129209,44,0.045454545,Ottawa,Ontario
e252569c-3a8f-4ee0-850b-34aa38011db4,2019-02-27T09:30:00.000-08:00,1,18129253,45,0.022222222,Coquitlam,British Columbia
e252569c-3a8f-4ee0-850b-34aa38011db4,2019-02-28T09:30:00.000-08:00,1,18129253,45,0.022222222,Coquitlam,British Columbia
e252569c-3a8f-4ee0-850b-34aa38011db4,2019-02-24T18:00:00.000-08:00,4,18129253,45,0.088888889,Coquitlam,British Columbia
e252569c-3a8f-4ee0-850b-34aa38011db4,2019-02-23T18:00:00.000-08:00,2,18129253,45,0.044444444,Coquitlam,British Columbia
e252569c-3a8f-4ee0-850b-34aa38011db4,2019-02-22T18:00:00.000-08:00,1,18129253,45,0.022222222,Coquitlam,British Columbia
63579a04-e81b-4dfe-93e7-8d1ce3131de4,2019-02-24T21:13:00.000-03:30,3,18051415,54,0.0555,Channel-Port Aux Basques,Newfoundland and Labrador
3c60c77a-a9f5-4e56-a425-e3c187faf59e,2019-04-09T14:24:00.000-04:00,16,18046221,53,0.3,Montreal,Quebec
63579a04-e81b-4dfe-93e7-8d1ce3131de4,2019-02-25T21:00:00.000-03:30,0,18051415,54,0,Channel-Port Aux Basques,Newfoundland and Labrador
63579a04-e81b-4dfe-93e7-8d1ce3131de4,2019-02-26T19:40:00.000-03:30,3,18051415,54,0.0556,Channel-Port Aux Basques,Newfoundland and Labrador
63579a04-e81b-4dfe-93e7-8d1ce3131de4,2019-02-28T07:27:00.000-03:30,3,18051415,54,0.0556,Channel-Port Aux Basques,Newfoundland and Labrador
d9e458d6-b7ce-4bf1-8ba3-62958a948c59,2019-02-28T13:25:00.000-05:00,0,18051343,52,0,Trenton,Ontario
b0d40d82-757c-46da-af44-e9306f2a3aea,2019-02-28T10:49:00.000-08:00,0,18046205,50,0,Sechelt,British Columbia
92f09f90-a005-4db9-9e3d-5fa148ac56a5,2019-02-28T12:25:00.000-05:00,4,18051536,67,0.0597,Terrace Bay,Ontario
e053901a-f834-44f5-93d0-e2b88c9b7cdc,2019-02-25T11:30:00.000-08:00,2,18130214,57,0.035087719,Vancouver,British Columbia
e053901a-f834-44f5-93d0-e2b88c9b7cdc,2019-02-27T10:20:00.000-08:00,3,18130214,57,0.05231578,Vancouver,British Columbia
d5f82152-5e9b-4112-86a0-4471b05b6f82,2019-02-28T12:30:00.000-08:00,0,18046250,50,0,Sechelt,British Columbia
0b35e95b-f234-4bdd-b0b0-4048847dfe28,2019-03-01T10:22:00.000-04:00,2,18051203,58,0.034,Bridgewater,Nova Scotia
7740d6e5-3551-4384-a304-38dcc4033825,2019-03-01T16:04:00.000-05:00,1,17129123,46,0.021,Saint-Jerome,Quebec
81cbc647-8732-4a8c-95d0-f536ac37c626,2019-03-01T16:05:00.000-05:00,1,17129123,46,0.021,Saint-Jerome,Quebec
7cda7462-6d8d-439c-b482-5bd6d768352a,2019-02-28T15:00:00.000-07:00,2,18129247,53,0.03773585,Calgary,Alberta
7cda7462-6d8d-439c-b482-5bd6d768352a,2019-03-01T15:00:00.000-07:00,2,18129247,53,0.03773585,Calgary,Alberta
68021439-904b-4d53-b98c-5b40687f5d00,2019-02-26T09:00:00.000-07:00,1,17072241,53,0.018867925,Innisfail,Alberta
6c107aaf-de6a-404a-9864-a8a708a852e4,2019-03-01T13:30:00.000-05:00,2,18130424,52,0.03846,Brampton,Ontario
af8ce2f7-8567-4534-bbf7-7b2892b535e0,2019-03-01T12:15:00.000-05:00,2,18130424,52,0.03846,Brampton,Ontario
d4f925c1-44d8-4209-902f-df2f6d9b6f50,2019-03-04T10:44:00.000-08:00,4,18046205,50,0.08,Sechelt,British Columbia
1ac2f41d-8ebe-4452-a302-a2a54a4fb9a4,2019-03-04T08:50:00.000-05:00,0,18129211,55,0,Mississauga,Ontario
dad2387a-e40a-4a22-8ac7-1ff0c893d2da,2019-03-04T14:04:00.000-08:00,4,18046205,50,0.08,Sechelt,British Columbia
c10907a9-2918-4e39-98d1-6d8dcee629c0,2019-02-20T15:15:00.000-08:00,1,18051513,53,0.0189,Vancouver,British Columbia
c10907a9-2918-4e39-98d1-6d8dcee629c0,2019-02-21T15:15:00.000-08:00,0,18051513,53,0,Vancouver,British Columbia
c10907a9-2918-4e39-98d1-6d8dcee629c0,2019-02-22T15:15:00.000-08:00,1,18051513,53,0.0189,Vancouver,British Columbia
c10907a9-2918-4e39-98d1-6d8dcee629c0,2019-02-23T15:15:00.000-08:00,4,18051513,53,0.07547,Vancouver,British Columbia
c10907a9-2918-4e39-98d1-6d8dcee629c0,2019-02-24T15:15:00.000-08:00,3,18051513,53,0.0566,Vancouver,British Columbia
c10907a9-2918-4e39-98d1-6d8dcee629c0,2019-02-25T15:15:00.000-08:00,2,18051513,53,0.0377,Vancouver,British Columbia
c10907a9-2918-4e39-98d1-6d8dcee629c0,2019-02-26T15:15:00.000-08:00,1,18051513,53,0.0189,Vancouver,British Columbia
c10907a9-2918-4e39-98d1-6d8dcee629c0,2019-02-27T15:15:00.000-08:00,0,18051513,53,0,Vancouver,British Columbia
c10907a9-2918-4e39-98d1-6d8dcee629c0,2019-02-28T15:15:00.000-08:00,1,18051513,53,0.0189,Vancouver,British Columbia
c10907a9-2918-4e39-98d1-6d8dcee629c0,2019-03-01T15:15:00.000-08:00,1,18051513,53,0.0189,Vancouver,British Columbia
c10907a9-2918-4e39-98d1-6d8dcee629c0,2019-03-02T15:15:00.000-08:00,3,18051513,53,0.0567,Vancouver,British Columbia
c10907a9-2918-4e39-98d1-6d8dcee629c0,2019-03-03T15:15:00.000-08:00,4,18051513,53,0.0756,Vancouver,British Columbia
c10907a9-2918-4e39-98d1-6d8dcee629c0,2019-03-04T15:15:00.000-08:00,4,18051513,53,0.0755,Vancouver,British Columbia
1ac2f41d-8ebe-4452-a302-a2a54a4fb9a4,2019-03-05T08:40:00.000-05:00,0,18129211,55,0,Mississauga,Ontario
a80a5290-4bab-4317-a175-4d0a017ac54c,2019-03-05T11:55:00.000-07:00,3,18130311,52,0.057692308,Calgary,Alberta
d9e458d6-b7ce-4bf1-8ba3-62958a948c59,2019-03-04T15:16:00.000-05:00,2,18051343,52,0.038461538,Trenton,Ontario
02af2a79-c8f7-4353-9163-8755a007df08,2019-03-06T10:00:00.000-04:00,4,18046215,48,0.083333333,Bridgewater,Nouvelle-?cosse
99b2bc9a-81a8-40d1-af3c-2c7fd27dae2c,2019-03-06T10:00:00.000-05:00,3,18129309,54,0.06,Grimsby,Ontario
1d00beaf-16c0-43ea-88c5-34e773c1392d,2019-02-27T11:00:00.000-08:00,2,18051404,58,0.034482759,Chilliwack,British Columbia
1d00beaf-16c0-43ea-88c5-34e773c1392d,2019-02-27T11:00:00.000-08:00,3,18051404,58,0.051724138,Chilliwack,British Columbia
1d00beaf-16c0-43ea-88c5-34e773c1392d,2019-02-28T11:00:00.000-08:00,2,18051404,58,0.034482759,Chilliwack,British Columbia
d4f925c1-44d8-4209-902f-df2f6d9b6f50,2019-03-06T09:01:00.000-08:00,2,18046205,50,0.04,Sechelt,British Columbia
5a5e5c22-4a36-476d-b442-6d750f831c76,2019-03-06T08:45:00.000-05:00,3,18051323,49,0.061,Kleinburg,Ontario
c10907a9-2918-4e39-98d1-6d8dcee629c0,2019-03-05T15:15:00.000-08:00,0,18051513,53,0,Vancouver,British Columbia
c10907a9-2918-4e39-98d1-6d8dcee629c0,2019-03-06T15:37:00.000-08:00,2,18051513,53,0.0377,Vancouver,British Columbia
3c60c77a-a9f5-4e56-a425-e3c187faf59e,2019-04-10T14:22:00.000-04:00,16,18046221,53,0.3,Montreal,Quebec
d5f82152-5e9b-4112-86a0-4471b05b6f82,2019-03-07T10:19:00.000-08:00,0,18046205,50,0,Sechelt,British Columbia
99b2bc9a-81a8-40d1-af3c-2c7fd27dae2c,2019-03-07T16:30:00.000-05:00,1,18129309,54,0.02,Grimsby,Ontario
0b35e95b-f234-4bdd-b0b0-4048847dfe28,2019-03-08T13:30:00.000-04:00,2,18051203,58,0.03448,Bridgewater,Nova Scotia
1ac2f41d-8ebe-4452-a302-a2a54a4fb9a4,2019-03-06T08:30:00.000-05:00,0,18129211,55,0,Mississauga,Ontario
1ac2f41d-8ebe-4452-a302-a2a54a4fb9a4,2019-03-07T08:56:00.000-05:00,0,18129211,55,0,Mississauga,Ontario
1ac2f41d-8ebe-4452-a302-a2a54a4fb9a4,2019-03-08T08:45:00.000-05:00,1,18129211,55,0.018,Mississauga,Ontario
d4f925c1-44d8-4209-902f-df2f6d9b6f50,2019-03-08T11:12:00.000-08:00,1,18046205,50,0.02,Sechelt,British Columbia
d9e458d6-b7ce-4bf1-8ba3-62958a948c59,2019-03-07T00:07:00.000-05:00,2,18051343,52,0.038461538,Trenton,Ontario
d9e458d6-b7ce-4bf1-8ba3-62958a948c59,2019-03-08T00:08:00.000-05:00,3,18051343,52,0.057692308,Trenton,Ontario
99b2bc9a-81a8-40d1-af3c-2c7fd27dae2c,2019-03-09T10:00:00.000-05:00,1,18129309,54,0.02,Grimsby,Ontario
99b2bc9a-81a8-40d1-af3c-2c7fd27dae2c,2019-03-10T14:00:00.000-04:00,2,18129309,54,0.04,Richmond Hill,Ontario
dad2387a-e40a-4a22-8ac7-1ff0c893d2da,2019-03-11T13:58:00.000-07:00,2,18046205,50,0.04,Sechelt,British Columbia
d4f925c1-44d8-4209-902f-df2f6d9b6f50,2019-03-11T13:59:00.000-07:00,2,18046205,50,0.04,Sechelt,British Columbia
02af2a79-c8f7-4353-9163-8755a007df08,2019-03-12T13:07:00.000-03:00,3,18046215,48,0.0625,Bridgewater,Nouvelle-?cosse
0b35e95b-f234-4bdd-b0b0-4048847dfe28,2019-03-12T13:13:00.000-03:00,1,18051203,58,0.0172,Bridgewater,Nova Scotia
b0d40d82-757c-46da-af44-e9306f2a3aea,2019-03-12T10:08:00.000-07:00,2,18046205,50,0.04,Sechelt,British Columbia
6c3c96f6-c3c2-45ab-8c63-ceb6855ed5b8,2019-02-25T08:00:00.000-08:00,3,17072232,46,0.065217391,Port Hardy,British Columbia
6c3c96f6-c3c2-45ab-8c63-ceb6855ed5b8,2019-02-26T08:00:00.000-08:00,1,17072232,46,0.02173913,Port Hardy,British Columbia
6c3c96f6-c3c2-45ab-8c63-ceb6855ed5b8,2019-02-27T16:00:00.000-08:00,3,17072232,46,0.065217391,Port Hardy,British Columbia
6c3c96f6-c3c2-45ab-8c63-ceb6855ed5b8,2019-02-28T11:30:00.000-08:00,0,17072232,46,0,Port Hardy,British Columbia
6c3c96f6-c3c2-45ab-8c63-ceb6855ed5b8,2019-03-01T08:30:00.000-08:00,1,17072232,46,0.02173913,Port Hardy,British Columbia
6c3c96f6-c3c2-45ab-8c63-ceb6855ed5b8,2019-03-04T08:00:00.000-08:00,1,17072232,46,0.02173913,Port Hardy,British Columbia
6c3c96f6-c3c2-45ab-8c63-ceb6855ed5b8,2019-03-05T08:00:00.000-08:00,2,17072232,46,0.043478261,Port Hardy,British Columbia
6c3c96f6-c3c2-45ab-8c63-ceb6855ed5b8,2019-03-06T11:00:00.000-08:00,0,17072232,46,0,Port Hardy,British Columbia
6c3c96f6-c3c2-45ab-8c63-ceb6855ed5b8,2019-03-07T08:00:00.000-08:00,0,17072232,46,0,Port Hardy,British Columbia
7cda7462-6d8d-439c-b482-5bd6d768352a,2019-03-12T15:00:00.000-06:00,0,18129247,53,0,Calgary,Alberta
7cda7462-6d8d-439c-b482-5bd6d768352a,2019-03-13T15:00:00.000-06:00,2,18129247,53,0.03773585,Calgary,Alberta
0b35e95b-f234-4bdd-b0b0-4048847dfe28,2019-03-15T13:34:00.000-03:00,3,18051203,58,0.051724,Bridgewater,Nova Scotia
7cda7462-6d8d-439c-b482-5bd6d768352a,2019-03-15T15:00:00.000-06:00,0,18129247,53,0,Calgary,Alberta
7cda7462-6d8d-439c-b482-5bd6d768352a,2019-03-14T15:00:00.000-06:00,0,18129247,53,0,Calgary,Alberta
7cda7462-6d8d-439c-b482-5bd6d768352a,2019-03-17T18:00:00.000-06:00,1,18129247,53,0.018867925,Calgary,Alberta
89d487a5-bd45-45b6-8118-13953c307150,2019-02-19T13:20:00.000-05:00,1,17170216,51,0.0196078,Belleville,Ontario
89d487a5-bd45-45b6-8118-13953c307150,2019-02-20T13:30:00.000-05:00,3,17170216,51,0.0588235,Belleville,Ontario
89d487a5-bd45-45b6-8118-13953c307150,2019-02-21T13:35:00.000-05:00,1,17170216,51,0.0196078,Belleville,Ontario
89d487a5-bd45-45b6-8118-13953c307150,2019-02-23T13:00:00.000-05:00,0,17170216,51,0,Belleville,Ontario
89d487a5-bd45-45b6-8118-13953c307150,2019-02-24T13:10:00.000-05:00,1,17170216,51,0.0196078,Belleville,Ontario
89d487a5-bd45-45b6-8118-13953c307150,2019-02-26T13:30:00.000-05:00,1,17170216,51,0.0196078,Belleville,Ontario
89d487a5-bd45-45b6-8118-13953c307150,2019-02-25T13:35:00.000-05:00,1,17170216,51,0.0196078,Belleville,Ontario
89d487a5-bd45-45b6-8118-13953c307150,2019-02-27T13:35:00.000-05:00,2,17170216,51,0.0392156,Belleville,Ontario
89d487a5-bd45-45b6-8118-13953c307150,2019-02-28T13:40:00.000-05:00,0,17170216,51,0,Belleville,Ontario
89d487a5-bd45-45b6-8118-13953c307150,2019-03-01T13:40:00.000-05:00,1,17170216,51,0.0196078,Belleville,Ontario
4ea0356b-8ca6-4493-912a-866f9ff95eeb,2019-02-23T13:27:00.000-05:00,1,18130212,49,0.020408163,East Angus,Quebec
7cda7462-6d8d-439c-b482-5bd6d768352a,2019-03-18T16:30:00.000-06:00,1,18129247,53,0.01886792,Calgary,Alberta
7cda7462-6d8d-439c-b482-5bd6d768352a,2019-03-19T15:30:00.000-06:00,0,18129247,53,0,Calgary,Alberta
bf78c43c-bf1d-42e7-b53c-6253a80a34b3,2019-03-19T15:45:00.000-03:00,3,18128319,58,0.05,Dartmouth,Nouvelle-?cosse
8163f602-9db5-4c01-9045-d7d997315c82,2019-03-20T13:43:00.000-04:00,2,18129251,41,0.049,London,Ontario
5439cc11-1709-44a8-bdd6-ad7d16dced39,2019-03-20T13:49:00.000-04:00,0,18046241,48,0,Ottawa,Ontario
8163f602-9db5-4c01-9045-d7d997315c82,2019-03-20T14:01:00.000-04:00,2,18129251,41,0.049,London,Ontario
7cda7462-6d8d-439c-b482-5bd6d768352a,2019-03-20T16:36:00.000-06:00,0,18129247,53,0,Calgary,Alberta
959484ae-c895-403a-83df-59404e44b9f6,2019-03-18T09:30:00.000-04:00,0,17170336,56,0,Petawawa,Ontario
959484ae-c895-403a-83df-59404e44b9f6,2019-03-19T09:00:00.000-04:00,1,17170336,56,0.01785714,Petawawa,Ontario
959484ae-c895-403a-83df-59404e44b9f6,2019-03-20T09:30:00.000-04:00,2,17170336,56,0.03571429,Petawawa,Ontario
959484ae-c895-403a-83df-59404e44b9f6,2019-03-21T09:16:00.000-04:00,2,17170336,56,0.03571429,Petawawa,Ontario
5a5e5c22-4a36-476d-b442-6d750f831c76,2019-03-20T15:00:00.000-04:00,3,18051323,49,0.061,Kleinburg,Ontario
f454b9ad-9cbb-4817-a4c5-b0eddced5bd3,2019-03-21T09:19:00.000-06:00,1,17170223,47,0.021276596,Camrose,Alberta
98cd0b54-8529-4545-a732-795e531f2f1c,2019-02-19T08:15:00.000-08:00,3,18129347,54,0.05,Toronto,Ontario
3c60c77a-a9f5-4e56-a425-e3c187faf59e,2019-03-21T13:08:00.000-04:00,9,18046221,53,0.16,Montreal,Quebec
c7ac3b2b-09d0-445f-809f-408a1c8456d4,2019-03-19T14:30:00.000-04:00,0,18051426,45,0,Eganville,Ontario
c7ac3b2b-09d0-445f-809f-408a1c8456d4,2019-03-20T13:50:00.000-04:00,0,18051426,45,0,Eganville,Ontario
c7ac3b2b-09d0-445f-809f-408a1c8456d4,2019-03-21T13:54:00.000-04:00,1,18051426,45,0.02,Eganville,Ontario
4f2d7442-d915-4040-ac04-d43462aac4e8,2019-03-21T14:06:00.000-04:00,2,18046241,48,0.04166667,Ottawa,Ontario
306cd52f-3cb5-4ac9-b5e5-f92371c34ba2,2019-03-19T14:07:00.000-04:00,1,18046241,48,0.02083333,Ottawa,Ontario
5a5e5c22-4a36-476d-b442-6d750f831c76,2019-03-21T14:40:00.000-04:00,3,18051323,49,0.061,Kleinburg,Ontario
959484ae-c895-403a-83df-59404e44b9f6,2019-03-22T10:04:00.000-04:00,1,17170336,56,0.01786,Petawawa,Ontario
bf78c43c-bf1d-42e7-b53c-6253a80a34b3,2019-03-20T15:00:00.000-03:00,1,18128319,58,0.017,Dartmouth N.-E.,Nouvelle-?cosse
bf78c43c-bf1d-42e7-b53c-6253a80a34b3,2019-03-21T15:00:00.000-03:00,2,18128319,58,0.034,Dartmouth N.-E.,Nouvelle-?cosse
bf78c43c-bf1d-42e7-b53c-6253a80a34b3,2019-03-22T15:00:00.000-03:00,1,18128319,58,0.017,Dartmouth N.-E.,Nouvelle-?cosse
bf78c43c-bf1d-42e7-b53c-6253a80a34b3,2019-03-23T03:00:00.000-03:00,2,18128319,58,0.03,Dartmouth N.-E.,Nouvelle-?cosse
bf78c43c-bf1d-42e7-b53c-6253a80a34b3,2019-03-24T15:00:00.000-03:00,2,18128319,58,0.03,Dartmouth N.-E.,Nouvelle-?cosse
68021439-904b-4d53-b98c-5b40687f5d00,2019-03-19T09:00:00.000-06:00,0,17072241,53,0,Innisfail,Alberta
3c60c77a-a9f5-4e56-a425-e3c187faf59e,2019-04-11T14:39:00.000-04:00,15,18046221,53,0.28,Montreal,Quebec
627d6cf1-94ac-4e77-8b6f-7f7b752ab12f,2019-03-25T13:47:00.000-04:00,0,18046241,48,0,Ottawa,Ontario
c7ac3b2b-09d0-445f-809f-408a1c8456d4,2019-03-22T15:20:00.000-04:00,1,18051426,45,0.02,Eganville,Ontario
c7ac3b2b-09d0-445f-809f-408a1c8456d4,2019-03-23T15:00:00.000-04:00,1,18051426,45,0.02,Eganville,Ontario
046634f4-6cb6-407d-9182-dffdf7095e79,2019-03-26T09:00:00.000-04:00,1,17170314,57,0.01754386,Limoges,Ontario
306cd52f-3cb5-4ac9-b5e5-f92371c34ba2,2019-03-26T12:39:00.000-04:00,0,18046241,48,0,Ottawa,Ontario
7cda7462-6d8d-439c-b482-5bd6d768352a,2019-03-24T18:00:00.000-06:00,6,18129247,53,0.11320755,Calgary,Alberta
7cda7462-6d8d-439c-b482-5bd6d768352a,2019-03-25T15:00:00.000-06:00,3,18129247,53,0.05660377,Calgary,Alberta
7cda7462-6d8d-439c-b482-5bd6d768352a,2019-03-26T13:00:00.000-06:00,4,18129247,53,0.0754717,Calgary,Alberta
99b2bc9a-81a8-40d1-af3c-2c7fd27dae2c,2019-03-26T19:00:00.000-04:00,1,18129309,54,0.02,Grimsby,Ontario
add8d275-7362-47d2-8a9e-3d9f2d310bab,2019-02-21T12:30:00.000-05:00,3,18129245,55,0.0545,Whitchurch-Stouffville,Ontario
add8d275-7362-47d2-8a9e-3d9f2d310bab,2019-02-22T14:30:00.000-05:00,2,18129245,55,0.0364,Whitchurch-Stouffville,Ontario
add8d275-7362-47d2-8a9e-3d9f2d310bab,2019-02-25T12:30:00.000-05:00,1,18129245,55,0.0182,Whitchurch-Stouffville,Ontario
add8d275-7362-47d2-8a9e-3d9f2d310bab,2019-02-27T12:30:00.000-05:00,2,18129245,55,0.0364,Whitchurch-Stouffville,Ontario
add8d275-7362-47d2-8a9e-3d9f2d310bab,2019-02-28T14:30:00.000-05:00,2,18129245,55,0.0364,Whitchurch-Stouffville,Ontario
add8d275-7362-47d2-8a9e-3d9f2d310bab,2019-03-04T12:30:00.000-05:00,1,18129245,55,0.0182,Whitchurch-Stouffville,Ontario
add8d275-7362-47d2-8a9e-3d9f2d310bab,2019-03-06T12:30:00.000-05:00,3,18129245,55,0.0545,Whitchurch-Stouffville,Ontario
add8d275-7362-47d2-8a9e-3d9f2d310bab,2019-03-20T12:30:00.000-04:00,1,18129245,55,0.01812,Whitchurch-Stouffville,Ontario
add8d275-7362-47d2-8a9e-3d9f2d310bab,2019-03-22T12:30:00.000-04:00,2,18129245,55,0.03634,Whitchurch-Stouffville,Ontario
5a5e5c22-4a36-476d-b442-6d750f831c76,2019-03-27T08:30:00.000-04:00,4,18051323,49,0.081,Kleinburg,Ontario
dde9ac70-128a-4e6d-bfae-bca08828513e,2019-03-26T10:10:00.000-04:00,0,18130124,53,0,Sainte-Catherine-de-la-Jacques-Cartier,Quebec
5439cc11-1709-44a8-bdd6-ad7d16dced39,2019-03-27T11:14:00.000-04:00,0,18046241,48,0,Ottawa,Ontario
3c60c77a-a9f5-4e56-a425-e3c187faf59e,2019-04-12T14:29:00.000-04:00,16,18046221,53,0.3,Montreal,Quebec
7cda7462-6d8d-439c-b482-5bd6d768352a,2019-03-27T15:17:00.000-06:00,0,18129247,53,0,Calgary,Alberta
02af2a79-c8f7-4353-9163-8755a007df08,2019-03-28T09:11:00.000-03:00,3,18046215,48,0.0625,Bridgewater,Nouvelle-?cosse
ce98fe7b-9cf0-4b11-ba00-63b599ea01e6,2019-03-19T09:38:00.000-04:00,0,17129223,56,0,Ottawa,Ontario
ce98fe7b-9cf0-4b11-ba00-63b599ea01e6,2019-03-20T12:00:00.000-04:00,2,17129223,56,0.0357,Ottawa,Ontario
ce98fe7b-9cf0-4b11-ba00-63b599ea01e6,2019-03-21T14:00:00.000-04:00,2,17129223,56,0.0357,Ottawa,Ontario
ce98fe7b-9cf0-4b11-ba00-63b599ea01e6,2019-03-22T15:30:00.000-04:00,1,17129223,56,0.0178,Ottawa,Ontario
3c60c77a-a9f5-4e56-a425-e3c187faf59e,2019-04-15T13:05:00.000-04:00,16,18046221,53,0.3,Montreal,Quebec
99b2bc9a-81a8-40d1-af3c-2c7fd27dae2c,2019-03-28T14:00:00.000-04:00,3,18129309,54,0.06,Grimsby,Ontario
62d94657-543d-4f1c-af6c-61baa49e9d24,2019-03-19T15:30:00.000-04:00,1,18051220,59,0.017,Newmarket,Ontario
62d94657-543d-4f1c-af6c-61baa49e9d24,2019-03-20T15:30:00.000-04:00,1,18051220,59,0.017,Newmarket,Ontario
62d94657-543d-4f1c-af6c-61baa49e9d24,2019-03-21T15:30:00.000-04:00,2,18051220,59,0.034,Newmarket,Ontario
62d94657-543d-4f1c-af6c-61baa49e9d24,2019-03-22T15:30:00.000-04:00,2,18051220,59,0.034,Newmarket,Ontario
62d94657-543d-4f1c-af6c-61baa49e9d24,2019-03-25T15:30:00.000-04:00,3,18051220,59,0.051,Newmarket,Ontario
3c60c77a-a9f5-4e56-a425-e3c187faf59e,2019-04-16T14:32:00.000-04:00,15,18046221,53,0.28,Montreal,Quebec
4f2d7442-d915-4040-ac04-d43462aac4e8,2019-03-28T14:20:00.000-04:00,1,18046241,48,0.02083333,Ottawa,Ontario
5a5e5c22-4a36-476d-b442-6d750f831c76,2019-03-29T08:55:00.000-04:00,5,18051323,49,0.102,Kleinburg,Ontario
faf2b946-8817-4d71-a1f1-2e9b5075b303,2019-03-29T12:03:00.000-04:00,12,18047312,44,0.272727273,St-Felix-de-Valois,Quebec
92f09f90-a005-4db9-9e3d-5fa148ac56a5,2019-03-21T14:01:00.000-04:00,2,18051536,67,0.0299,Terrace Bay,Ontario
92f09f90-a005-4db9-9e3d-5fa148ac56a5,2019-03-20T14:02:00.000-04:00,0,18051536,67,0,Terrace Bay,Ontario
92f09f90-a005-4db9-9e3d-5fa148ac56a5,2019-03-22T14:03:00.000-04:00,2,18051536,67,0.0299,Terrace Bay,Ontario
92f09f90-a005-4db9-9e3d-5fa148ac56a5,2019-03-23T14:03:00.000-04:00,0,18051536,67,0,Terrace Bay,Ontario
92f09f90-a005-4db9-9e3d-5fa148ac56a5,2019-03-24T14:04:00.000-04:00,1,18051536,67,0.0149,Terrace Bay,Ontario
92f09f90-a005-4db9-9e3d-5fa148ac56a5,2019-03-27T14:04:00.000-04:00,0,18051536,67,0,Terrace Bay,Ontario
92f09f90-a005-4db9-9e3d-5fa148ac56a5,2019-03-28T14:05:00.000-04:00,2,18051536,67,0.0299,Terrace Bay,Ontario
92f09f90-a005-4db9-9e3d-5fa148ac56a5,2019-03-29T14:06:00.000-04:00,3,18051536,67,0.0448,Terrace Bay,Ontario
27483cd4-ea09-420f-83b2-09f75f2e02e9,2019-02-21T14:36:00.000-05:00,3,18129245,55,0.054545455,Stouffville,Ontario
27483cd4-ea09-420f-83b2-09f75f2e02e9,2019-02-21T14:33:00.000-05:00,1,17170137,67,0.014925,Stouffville,Ontario
27483cd4-ea09-420f-83b2-09f75f2e02e9,2019-02-22T14:40:00.000-05:00,2,18129245,55,0.036363636,Stouffville,Ontario
27483cd4-ea09-420f-83b2-09f75f2e02e9,2019-02-22T14:41:00.000-05:00,0,17170137,67,0,Stouffville,Ontario
27483cd4-ea09-420f-83b2-09f75f2e02e9,2019-02-23T14:42:00.000-05:00,2,17170137,67,0.02985,Stouffville,Ontario
27483cd4-ea09-420f-83b2-09f75f2e02e9,2019-02-24T14:42:00.000-05:00,2,17170137,67,0.02985,Stouffville,Ontario
27483cd4-ea09-420f-83b2-09f75f2e02e9,2019-02-26T14:44:00.000-05:00,1,17170137,67,0.014925,Stouffville,Ontario
27483cd4-ea09-420f-83b2-09f75f2e02e9,2019-02-25T14:45:00.000-05:00,1,18129245,55,0.018181818,Stouffville,Ontario
27483cd4-ea09-420f-83b2-09f75f2e02e9,2019-02-27T14:46:00.000-05:00,2,18129245,55,0.036363636,Stouffville,Ontario
27483cd4-ea09-420f-83b2-09f75f2e02e9,2019-02-28T14:47:00.000-05:00,1,18129245,55,0.018181818,Stouffville,Ontario
27483cd4-ea09-420f-83b2-09f75f2e02e9,2019-03-04T14:47:00.000-05:00,1,18129245,55,0.018181818,Stouffville,Ontario
27483cd4-ea09-420f-83b2-09f75f2e02e9,2019-03-06T14:48:00.000-05:00,3,18129245,55,0.054545455,Stouffville,Ontario
27483cd4-ea09-420f-83b2-09f75f2e02e9,2019-03-20T14:49:00.000-04:00,1,18129245,55,0.018181818,Stouffville,Ontario
27483cd4-ea09-420f-83b2-09f75f2e02e9,2019-04-22T14:49:00.000-04:00,2,18129245,55,0.036363636,Stouffville,Ontario
306cd52f-3cb5-4ac9-b5e5-f92371c34ba2,2019-04-02T10:34:00.000-04:00,1,18046241,48,0.0208333,Ottawa,Ontario
627d6cf1-94ac-4e77-8b6f-7f7b752ab12f,2019-04-01T08:37:00.000-04:00,2,18046241,48,0.04166667,Ottawa,Ontario
7cda7462-6d8d-439c-b482-5bd6d768352a,2019-04-01T15:45:00.000-06:00,1,18129247,53,0.018867924,Calgary,Alberta
faf2b946-8817-4d71-a1f1-2e9b5075b303,2019-04-01T12:04:00.000-04:00,12,18047312,44,0.272727273,St-Felix-de-Valois,Quebec
0a341b7f-3663-4a85-896a-de92001479e0,2019-03-18T13:05:00.000-05:00,0,10851231,52,0,Stonewall,Manitoba
0a341b7f-3663-4a85-896a-de92001479e0,2019-03-19T13:05:00.000-05:00,1,18051231,52,0.019230769,Stonewall,Manitoba
0a341b7f-3663-4a85-896a-de92001479e0,2019-03-20T13:15:00.000-05:00,4,18051231,52,0.076923077,Stonewall,Manitoba
0a341b7f-3663-4a85-896a-de92001479e0,2019-03-21T13:05:00.000-05:00,5,18051231,52,0.096153846,Stonewall,Manitoba
0a341b7f-3663-4a85-896a-de92001479e0,2019-03-22T13:05:00.000-05:00,6,18051231,52,0.115384615,Stonewall,Manitoba
0a341b7f-3663-4a85-896a-de92001479e0,2019-03-23T13:15:00.000-05:00,6,18051231,52,0.115384615,Stonewall,Manitoba
7cda7462-6d8d-439c-b482-5bd6d768352a,2019-04-02T16:14:00.000-06:00,0,18129247,53,0,Calgary,Alberta
5a5e5c22-4a36-476d-b442-6d750f831c76,2019-04-03T09:30:00.000-04:00,5,18051323,49,0.1,Kleinburg,Ontario
faf2b946-8817-4d71-a1f1-2e9b5075b303,2019-04-02T12:05:00.000-04:00,13,18047312,44,0.295454545,St-Felix-de-Valois,Quebec
5439cc11-1709-44a8-bdd6-ad7d16dced39,2019-04-03T10:42:00.000-04:00,4,18046241,48,0.0833333,Ottawa,Ontario
96a7eb3b-bbb4-44f7-80ea-951ffc86b3ee,2019-04-03T12:01:00.000-04:00,4,18051528,52,0.076923077,Montreal,Quebec
7cda7462-6d8d-439c-b482-5bd6d768352a,2019-04-03T16:21:00.000-06:00,0,18129247,53,0,Calgary,Alberta
dad2387a-e40a-4a22-8ac7-1ff0c893d2da,2019-04-03T12:54:00.000-07:00,2,18047205,50,0.04,Sechelt,British Columbia
d4f925c1-44d8-4209-902f-df2f6d9b6f50,2019-04-03T10:57:00.000-07:00,2,18046205,50,0.04,Sechelt,British Columbia
67837e41-158f-4f50-b569-b342e84d1233,2019-01-24T18:00:00.000-05:00,3,18129240,55,0.054545,Amqui,Quebec
67837e41-158f-4f50-b569-b342e84d1233,2019-01-26T10:00:00.000-05:00,2,18129240,55,0.03636,Amqui,Quebec
67837e41-158f-4f50-b569-b342e84d1233,2019-01-28T09:00:00.000-05:00,0,18129240,55,0,Amqui,Quebec
67837e41-158f-4f50-b569-b342e84d1233,2019-01-30T16:00:00.000-05:00,1,18129240,55,0.01818,Amqui,Quebec
4f2d7442-d915-4040-ac04-d43462aac4e8,2019-04-04T12:23:00.000-04:00,0,18046241,48,0,Ottawa,Ontario
faf2b946-8817-4d71-a1f1-2e9b5075b303,2019-04-05T12:12:00.000-04:00,14,18047312,44,0.318181818,St-Felix-de-Valois,Quebec
d4f925c1-44d8-4209-902f-df2f6d9b6f50,2019-04-05T10:42:00.000-07:00,0,18046205,50,0,Sechelt,British Columbia
dad2387a-e40a-4a22-8ac7-1ff0c893d2da,2019-04-05T15:44:00.000-07:00,1,18046205,50,0.02,Sechelt,British Columbia
6b3c9938-f2bd-4319-bc2b-536731c81389,2019-02-18T08:28:00.000-05:00,0,18046238,52,0,St-Jean-sur-Richelieu,Quebec
6b3c9938-f2bd-4319-bc2b-536731c81389,2019-02-19T08:30:00.000-05:00,0,18046238,52,0,St-Jean-sur-Richelieu,Quebec
6b3c9938-f2bd-4319-bc2b-536731c81389,2019-02-20T10:31:00.000-05:00,1,18046238,52,0.019230769,St-Jean-sur-Richelieu,Quebec
6b3c9938-f2bd-4319-bc2b-536731c81389,2019-02-22T10:32:00.000-05:00,1,18046238,52,0.019230769,St-Jean-sur-Richelieu,Quebec
6b3c9938-f2bd-4319-bc2b-536731c81389,2019-02-26T09:25:00.000-05:00,10,18046238,52,0.192307692,St-Jean-sur-Richelieu,Quebec
6b3c9938-f2bd-4319-bc2b-536731c81389,2019-02-27T10:35:00.000-05:00,0,18046238,52,0,St-Jean-sur-Richelieu,Quebec
6b3c9938-f2bd-4319-bc2b-536731c81389,2019-03-01T10:36:00.000-05:00,1,18046238,52,0.019230769,St-Jean-sur-Richelieu,Quebec
6b3c9938-f2bd-4319-bc2b-536731c81389,2019-03-12T09:00:00.000-04:00,0,18046238,52,0,St-Jean-sur-Richelieu,Quebec
6b3c9938-f2bd-4319-bc2b-536731c81389,2019-03-13T11:01:00.000-04:00,2,18046238,52,0.038461539,St-Jean-sur-Richelieu,Quebec
6b3c9938-f2bd-4319-bc2b-536731c81389,2019-03-15T14:00:00.000-04:00,0,18046238,52,0,St-Jean-sur-Richelieu,Quebec
e5e41b63-370f-44f3-9a50-dc79cf9c884b,2019-03-29T09:09:00.000-04:00,2,18130102,53,0.038,Oakville,Ontario
e5e41b63-370f-44f3-9a50-dc79cf9c884b,2019-04-05T09:09:00.000-04:00,3,18130102,53,0.057,Oakville,Ontario
627d6cf1-94ac-4e77-8b6f-7f7b752ab12f,2019-04-08T10:12:00.000-04:00,3,18046241,48,0.0625,Ottawa,Ontario
ce98fe7b-9cf0-4b11-ba00-63b599ea01e6,2019-04-08T09:21:00.000-04:00,3,17129223,56,0.05357,Ottawa,Ontario
3c60c77a-a9f5-4e56-a425-e3c187faf59e,2019-04-17T14:24:00.000-04:00,15,18046221,53,0.28,Montreal,Quebec
dad2387a-e40a-4a22-8ac7-1ff0c893d2da,2019-04-08T17:51:00.000-07:00,7,18046205,50,0.14,Sechelt,British Columbia
e053901a-f834-44f5-93d0-e2b88c9b7cdc,2019-04-02T11:04:00.000-07:00,1,18130214,57,0.017543859,Vancouver,British Columbia
e053901a-f834-44f5-93d0-e2b88c9b7cdc,2019-04-03T11:54:00.000-07:00,1,18130214,57,0.017543859,Vancouver,British Columbia
e053901a-f834-44f5-93d0-e2b88c9b7cdc,2019-04-04T10:22:00.000-07:00,0,18130214,57,0,Vancouver,British Columbia
e053901a-f834-44f5-93d0-e2b88c9b7cdc,2019-04-05T15:09:00.000-07:00,1,18130214,57,0.017543859,Vancouver,British Columbia
e053901a-f834-44f5-93d0-e2b88c9b7cdc,2019-04-06T10:30:00.000-07:00,0,18130214,57,0,Vancouver,British Columbia
e053901a-f834-44f5-93d0-e2b88c9b7cdc,2019-04-07T20:40:00.000-07:00,0,18130214,57,0,Vancouver,British Columbia
e053901a-f834-44f5-93d0-e2b88c9b7cdc,2019-04-08T20:58:00.000-07:00,1,18130214,57,0.017543859,Vancouver,British Columbia
b0d40d82-757c-46da-af44-e9306f2a3aea,2019-04-09T09:35:00.000-07:00,1,18046205,50,0.02,Sechelt,British Columbia
0a341b7f-3663-4a85-896a-de92001479e0,2019-01-14T13:05:00.000-06:00,1,18051231,52,0.019230769,Stonewall,Manitoba
0a341b7f-3663-4a85-896a-de92001479e0,2019-01-15T13:05:00.000-06:00,2,18051231,52,0.038461538,Stonewall,Manitoba
0a341b7f-3663-4a85-896a-de92001479e0,2019-01-16T12:58:00.000-06:00,4,18051231,52,0.076923077,Stonewall,Manitoba
0a341b7f-3663-4a85-896a-de92001479e0,2019-01-17T13:05:00.000-06:00,4,18051231,52,0.076923077,Stonewall,Manitoba
0a341b7f-3663-4a85-896a-de92001479e0,2019-01-18T13:10:00.000-06:00,5,18051231,52,0.096153846,Stonewall,Manitoba
0a341b7f-3663-4a85-896a-de92001479e0,2019-01-19T13:00:00.000-06:00,11,18051231,52,0.211538462,Stonewall,Manitoba
0a341b7f-3663-4a85-896a-de92001479e0,2019-01-21T12:57:00.000-06:00,6,18051231,52,0.115384615,Stonewall,Manitoba
0a341b7f-3663-4a85-896a-de92001479e0,2019-01-22T13:05:00.000-06:00,6,18051231,52,0.115384615,Stonewall,Manitoba
0a341b7f-3663-4a85-896a-de92001479e0,2019-01-23T13:30:00.000-06:00,6,18051231,52,0.115384615,Stonewall,Manitoba
0a341b7f-3663-4a85-896a-de92001479e0,2019-01-24T13:20:00.000-06:00,11,18051231,52,0.211538462,Stonewall,Manitoba
e88d4cff-021d-4b4d-bdef-f05783598825,2019-02-25T12:00:00.000-06:00,16,17129159,49,0.327,Saskatoon,Saskatchewan
e88d4cff-021d-4b4d-bdef-f05783598825,2019-02-25T12:00:00.000-06:00,16,18051545,54,0.296,Saskatoon,Saskatchewan
0a341b7f-3663-4a85-896a-de92001479e0,2019-01-31T13:05:00.000-06:00,9,18051231,52,0.173076923,Stonewall,Manitoba
3c60c77a-a9f5-4e56-a425-e3c187faf59e,2019-04-26T14:19:00.000-04:00,23,18046221,53,0.43,Montreal,Quebec
0a341b7f-3663-4a85-896a-de92001479e0,2019-04-30T13:10:00.000-05:00,19,19051231,52,0.365,Stonewall,Manitoba
e17cb1e0-83d1-4814-8e94-12d922867976,2019-02-28T09:00:00.000-05:00,0,17121154,49,0,Ottawa,Ontario
e17cb1e0-83d1-4814-8e94-12d922867976,2019-03-19T09:00:00.000-04:00,0,17121154,49,0,Ottawa,Ontario
e17cb1e0-83d1-4814-8e94-12d922867976,2019-03-22T09:00:00.000-04:00,1,17121154,49,0.020408163,Ottawa,Ontario
e17cb1e0-83d1-4814-8e94-12d922867976,2019-03-27T09:00:00.000-04:00,2,17121154,49,0.040816327,Ottawa,Ontario
e17cb1e0-83d1-4814-8e94-12d922867976,2019-04-03T09:00:00.000-04:00,1,17121154,49,0.020408163,Ottawa,Ontario
f442a65d-3f0b-4a1d-a43f-a5911f80006f,2019-02-14T13:39:00.000-05:00,0,16260125,50,0,Montreal,Quebec
5a5e5c22-4a36-476d-b442-6d750f831c76,2019-04-11T08:30:00.000-04:00,7,18051323,49,0.14,Kleinburg,Ontario
f442a65d-3f0b-4a1d-a43f-a5911f80006f,2019-03-14T13:39:00.000-04:00,2,16260125,50,0.04,Montreal,Quebec
f442a65d-3f0b-4a1d-a43f-a5911f80006f,2019-04-09T13:39:00.000-04:00,0,16260125,50,0,Montreal,Quebec
f442a65d-3f0b-4a1d-a43f-a5911f80006f,2019-03-20T13:39:00.000-04:00,2,16260125,50,0.04,Montreal,Quebec
f442a65d-3f0b-4a1d-a43f-a5911f80006f,2019-02-12T13:39:00.000-05:00,0,16260125,50,0,Montreal,Quebec
f442a65d-3f0b-4a1d-a43f-a5911f80006f,2019-03-20T13:39:00.000-04:00,2,16260125,50,0.04,Montreal,Quebec
f442a65d-3f0b-4a1d-a43f-a5911f80006f,2019-02-21T13:39:00.000-05:00,0,16260125,50,0,Montreal,Quebec
0a341b7f-3663-4a85-896a-de92001479e0,2019-05-01T09:15:00.000-05:00,15,18051231,52,0.28846,Stonewall,Manitoba
f442a65d-3f0b-4a1d-a43f-a5911f80006f,2019-03-26T13:35:00.000-04:00,4,16260125,50,0.08,Montreal,Quebec
f442a65d-3f0b-4a1d-a43f-a5911f80006f,2019-02-15T13:21:00.000-05:00,0,16260125,50,0,Montreal,Quebec
f442a65d-3f0b-4a1d-a43f-a5911f80006f,2019-02-22T13:53:00.000-05:00,0,16260125,50,0,Montreal,Quebec
f442a65d-3f0b-4a1d-a43f-a5911f80006f,2019-03-12T13:53:00.000-04:00,4,16260125,50,0.08,Montreal,Quebec
96a7eb3b-bbb4-44f7-80ea-951ffc86b3ee,2019-03-14T14:00:00.000-04:00,14,18051528,48,0.291667,Lachine,Quebec
f442a65d-3f0b-4a1d-a43f-a5911f80006f,2019-02-26T13:39:00.000-05:00,4,16260125,50,0.08,Montreal,Quebec
f442a65d-3f0b-4a1d-a43f-a5911f80006f,2019-04-12T14:57:00.000-04:00,1,16260125,50,0.02,Montreal,Quebec
627d6cf1-94ac-4e77-8b6f-7f7b752ab12f,2019-04-15T10:33:00.000-04:00,4,18046241,48,0.083333,Ottawa,Ontario
a8732c44-aa1e-4abe-813b-43b221a60578,2019-04-15T13:11:00.000-04:00,0,18130124,53,0,Sainte-Catherine-de-la-Jacques-Cartier,Quebec
dad2387a-e40a-4a22-8ac7-1ff0c893d2da,2019-04-15T15:17:00.000-07:00,4,18046205,50,0.08,Sechelt,British Columbia
d4f925c1-44d8-4209-902f-df2f6d9b6f50,2019-04-15T10:19:00.000-07:00,4,18046205,50,0.08,Sechelt,British Columbia
ba7cbb6f-bc3d-43f6-bdff-de28e8c058c0,2019-03-28T21:30:00.000-04:00,0,18051453,43,0,Sherbrooke,Quebec
ba7cbb6f-bc3d-43f6-bdff-de28e8c058c0,2019-03-30T11:00:00.000-04:00,2,18051453,43,0.046511628,East Angus,Quebec
ba7cbb6f-bc3d-43f6-bdff-de28e8c058c0,2019-04-01T16:30:00.000-04:00,1,18051453,43,0.023255814,Sherbrooke,Quebec
ba7cbb6f-bc3d-43f6-bdff-de28e8c058c0,2019-04-03T11:05:00.000-04:00,0,18051453,43,0,Sherbrooke,Quebec
ba7cbb6f-bc3d-43f6-bdff-de28e8c058c0,2019-04-08T11:10:00.000-04:00,1,18051453,43,0.023255814,Sherbrooke,Quebec
7cda7462-6d8d-439c-b482-5bd6d768352a,2019-04-15T07:00:00.000-06:00,4,18129247,53,0.075471698,Calgary,Alberta
306cd52f-3cb5-4ac9-b5e5-f92371c34ba2,2019-04-16T10:23:00.000-04:00,2,18046241,48,0.0416666,Ottawa,Ontario
715c3737-b434-4cf3-9da8-4b3f54ff054c,2019-04-17T08:55:00.000-04:00,1,18130124,53,0.018867925,Sainte-Catherine-de-la-Jacques-Cartier,Quebec
faf2b946-8817-4d71-a1f1-2e9b5075b303,2019-03-22T11:19:00.000-04:00,0,18047312,44,0,St-Felix-de-Valois,Quebec
faf2b946-8817-4d71-a1f1-2e9b5075b303,2019-04-25T11:20:00.000-04:00,5,18947312,44,0.11363636,St-Felix-de-Valois,Quebec
faf2b946-8817-4d71-a1f1-2e9b5075b303,2019-03-26T11:21:00.000-04:00,6,18047312,44,0.1363636,St-Felix-de-Valois,Quebec
faf2b946-8817-4d71-a1f1-2e9b5075b303,2019-03-27T11:23:00.000-04:00,8,18047312,44,0.181818182,St-Felix-de-Valois,Quebec
faf2b946-8817-4d71-a1f1-2e9b5075b303,2019-03-28T12:02:00.000-04:00,8,18047312,44,0.181818182,St-Felix-de-Valois,Quebec
f442a65d-3f0b-4a1d-a43f-a5911f80006f,2019-04-16T14:45:00.000-04:00,2,16260125,50,0.04,Montreal,Quebec
dad2387a-e40a-4a22-8ac7-1ff0c893d2da,2019-04-17T12:38:00.000-07:00,0,18046205,50,0,Sechelt,British Columbia
67837e41-158f-4f50-b569-b342e84d1233,2019-04-06T19:00:00.000-04:00,2,18129240,55,0.03636,Amqui,Quebec
67837e41-158f-4f50-b569-b342e84d1233,2019-04-08T08:00:00.000-04:00,1,18129240,55,0.01818,Amqui,Quebec
67837e41-158f-4f50-b569-b342e84d1233,2019-04-10T21:00:00.000-04:00,3,18129240,55,0.054545,Amqui,Quebec
67837e41-158f-4f50-b569-b342e84d1233,2019-04-14T21:00:00.000-04:00,2,18129240,55,0.03636,Amqui,Quebec
67837e41-158f-4f50-b569-b342e84d1233,2019-04-16T09:00:00.000-04:00,0,18129240,55,0,Amqui,Quebec
67837e41-158f-4f50-b569-b342e84d1233,2019-04-17T20:00:00.000-04:00,1,18129240,55,0.01818,Amqui,Quebec
f442a65d-3f0b-4a1d-a43f-a5911f80006f,2019-04-18T14:54:00.000-04:00,0,16260125,50,0,Montreal,Quebec
e5e41b63-370f-44f3-9a50-dc79cf9c884b,2019-04-23T08:30:00.000-04:00,5,18830102,53,0.094,Oakville,Ontario
e5e41b63-370f-44f3-9a50-dc79cf9c884b,2019-04-15T08:31:00.000-04:00,3,18130108,53,0.057,Oakville,Ontario
e5e41b63-370f-44f3-9a50-dc79cf9c884b,2019-04-18T08:38:00.000-04:00,7,18130102,53,0.132,Oakville,Ontario
e5e41b63-370f-44f3-9a50-dc79cf9c884b,2019-04-08T08:39:00.000-04:00,3,18130102,53,0.057,Oakville,Ontario
e5e41b63-370f-44f3-9a50-dc79cf9c884b,2019-04-11T08:36:00.000-04:00,6,18130102,53,0.113,Oakville,Ontario
3a14d714-55c7-4dab-897e-92adf6d0dcf9,2019-04-17T14:00:00.000-04:00,0,17129205,49,0,Markham,Ontario
3a14d714-55c7-4dab-897e-92adf6d0dcf9,2019-04-18T14:05:00.000-04:00,3,17129205,49,0.0612,Markham,Ontario
3a14d714-55c7-4dab-897e-92adf6d0dcf9,2019-04-23T14:00:00.000-04:00,9,17129205,49,0.1837,Markham,Ontario
046634f4-6cb6-407d-9182-dffdf7095e79,2019-04-23T14:25:00.000-04:00,9,17170314,57,0.157894737,Limoges,Ontario
f02d965d-9eb5-4c4d-b6a2-adaf893d4b1b,2019-04-25T13:55:00.000-03:00,0,18130450,54,0,Hammonds Plains,Nova Scotia
5817e285-c471-4a84-8156-2d2dd8728829,2019-04-24T13:55:00.000-03:00,0,18130450,54,0,Hammonds Plains,Nova Scotia
adac5ecd-fca6-4f98-b3b3-434aa15a0346,2019-04-12T00:11:00.000-07:00,0,18047437,45,0,Surrey,British Columbia
0a341b7f-3663-4a85-896a-de92001479e0,2019-04-23T09:30:00.000-05:00,3,18051231,52,0.058,Stonewall,Manitoba
0a341b7f-3663-4a85-896a-de92001479e0,2019-04-24T13:30:00.000-05:00,4,18051231,52,0.077,Stonewall,Manitoba
0a341b7f-3663-4a85-896a-de92001479e0,2019-04-25T13:05:00.000-05:00,5,18051231,52,0.096,Stonewall,Manitoba
ce98fe7b-9cf0-4b11-ba00-63b599ea01e6,2019-04-18T09:30:00.000-04:00,1,17129223,56,0.017857143,Ottawa,Ontario
ce98fe7b-9cf0-4b11-ba00-63b599ea01e6,2019-04-18T09:20:00.000-04:00,3,17129223,56,0.053571429,Ottawa,Ontario
ce98fe7b-9cf0-4b11-ba00-63b599ea01e6,2019-04-23T09:30:00.000-04:00,5,17129223,56,0.089285714,Ottawa,Ontario
ce98fe7b-9cf0-4b11-ba00-63b599ea01e6,2019-04-25T09:35:00.000-04:00,2,17129223,56,0.035714286,Ottawa,Ontario
ce98fe7b-9cf0-4b11-ba00-63b599ea01e6,2019-04-26T11:10:00.000-04:00,0,17129223,56,0,Ottawa,Ontario
dad2387a-e40a-4a22-8ac7-1ff0c893d2da,2019-04-26T08:12:00.000-07:00,6,18046205,50,0.12,Sechelt,British Columbia
3a14d714-55c7-4dab-897e-92adf6d0dcf9,2019-04-24T16:00:00.000-04:00,6,17129205,49,0.122,Markham,Ontario
3a14d714-55c7-4dab-897e-92adf6d0dcf9,2019-04-26T14:00:00.000-04:00,7,17129205,49,0.143,Markham,Ontario
3a14d714-55c7-4dab-897e-92adf6d0dcf9,2019-04-29T15:45:00.000-04:00,6,17129205,49,0.122,Markham,Ontario
d12248d8-f494-4b00-a9fd-e69e82abccb8,2019-04-24T08:00:00.000-04:00,4,18130254,56,0.071,Nepean,Ontario
d12248d8-f494-4b00-a9fd-e69e82abccb8,2019-04-25T08:00:00.000-04:00,5,18130254,56,0.089,Nepean,Ontario
d12248d8-f494-4b00-a9fd-e69e82abccb8,2019-04-26T08:00:00.000-04:00,5,18130254,56,0.089,Nepean,Ontario
d12248d8-f494-4b00-a9fd-e69e82abccb8,2019-04-27T08:00:00.000-04:00,6,18130254,56,0.107,Nepean,Ontario
d12248d8-f494-4b00-a9fd-e69e82abccb8,2019-04-29T08:00:00.000-04:00,9,18130254,56,0.161,Nepean,Ontario
f442a65d-3f0b-4a1d-a43f-a5911f80006f,2019-04-16T14:39:00.000-04:00,2,16260125,50,0.04,Montreal,Quebec
0a341b7f-3663-4a85-896a-de92001479e0,2019-04-23T09:00:00.000-05:00,3,18051231,52,0.058,Stonewall,Manitoba
0a341b7f-3663-4a85-896a-de92001479e0,2019-04-24T13:10:00.000-05:00,4,18051231,52,0.077,Stonewall,Manitoba
0a341b7f-3663-4a85-896a-de92001479e0,2019-04-25T13:30:00.000-05:00,5,18051231,52,0.096,Stonewall,Manitoba
0a341b7f-3663-4a85-896a-de92001479e0,2019-04-26T13:10:00.000-05:00,0,18051231,52,0,Stonewall,Manitoba
0a341b7f-3663-4a85-896a-de92001479e0,2019-04-27T13:10:00.000-05:00,2,18051231,52,0.038461538,Stonewall,Manitoba
f442a65d-3f0b-4a1d-a43f-a5911f80006f,2019-04-30T15:05:00.000-04:00,3,16260125,50,0.06,Montreal,Quebec
dad2387a-e40a-4a22-8ac7-1ff0c893d2da,2019-05-01T13:15:00.000-07:00,2,18046205,50,0.04,Sechelt,British Columbia
ce98fe7b-9cf0-4b11-ba00-63b599ea01e6,2019-04-20T09:15:00.000-04:00,6,17129223,56,0.107142857,Ottawa,Ontario
ce98fe7b-9cf0-4b11-ba00-63b599ea01e6,2019-05-03T09:15:00.000-04:00,5,17129223,56,0.089285714,Ottawa,Ontario
f442a65d-3f0b-4a1d-a43f-a5911f80006f,2019-05-02T15:00:00.000-04:00,1,16260125,50,0.02,Montreal,Quebec
f442a65d-3f0b-4a1d-a43f-a5911f80006f,2019-05-06T13:15:00.000-04:00,9,16260125,50,0.18,Montreal,Quebec
e5e41b63-370f-44f3-9a50-dc79cf9c884b,2019-04-26T08:47:00.000-04:00,7,18130102,53,0.132,Oakville,Ontario
e5e41b63-370f-44f3-9a50-dc79cf9c884b,2019-04-29T08:52:00.000-04:00,6,18130102,53,0.1132,Oakville,Ontario
e5e41b63-370f-44f3-9a50-dc79cf9c884b,2019-05-03T08:54:00.000-04:00,5,18130102,53,0.09433,Oakville,Ontario
e5e41b63-370f-44f3-9a50-dc79cf9c884b,2019-05-06T08:55:00.000-04:00,2,18130102,53,0.03773,Oakville,Ontario
0c57809b-4876-4fdd-a535-974a827e7dab,2019-02-26T15:27:00.000-05:00,2,18129250,55,0.036,Waterloo,Ontario
0c57809b-4876-4fdd-a535-974a827e7dab,2019-02-27T15:19:00.000-05:00,1,18129250,55,0.018,Waterloo,Ontario
0c57809b-4876-4fdd-a535-974a827e7dab,2019-02-28T15:19:00.000-05:00,2,18129250,55,0.036363636,Waterloo,Ontario
0c57809b-4876-4fdd-a535-974a827e7dab,2019-03-01T15:21:00.000-05:00,3,18129250,55,0.055,Waterloo,Ontario
0543fb07-06e0-4eca-8cb4-771e4745e8be,2019-02-25T15:25:00.000-05:00,2,18051507,62,0.032,Waterloo,Ontario
0543fb07-06e0-4eca-8cb4-771e4745e8be,2019-02-26T15:23:00.000-05:00,3,18051507,62,0.048,Waterloo,Ontario
0543fb07-06e0-4eca-8cb4-771e4745e8be,2019-02-27T15:24:00.000-05:00,2,18051507,62,0.032,Waterloo,Ontario
0543fb07-06e0-4eca-8cb4-771e4745e8be,2019-02-28T15:25:00.000-05:00,4,18051507,62,0.065,Waterloo,Ontario
0543fb07-06e0-4eca-8cb4-771e4745e8be,2019-03-01T15:26:00.000-05:00,7,18051507,62,0.113,Waterloo,Ontario
e5e41b63-370f-44f3-9a50-dc79cf9c884b,2019-05-09T08:32:00.000-04:00,1,18130102,53,0.0189,Oakville,Ontario
e5e41b63-370f-44f3-9a50-dc79cf9c884b,2019-05-13T08:34:00.000-04:00,2,18130102,53,0.037735849,Oakville,Ontario
e5e41b63-370f-44f3-9a50-dc79cf9c884b,2019-05-17T08:35:00.000-04:00,3,18130102,53,0.0566,Oakville,Ontario
e5e41b63-370f-44f3-9a50-dc79cf9c884b,2019-05-21T08:36:00.000-04:00,4,18130102,53,0.075471698,Oakville,Ontario
1fb1e547-c62b-4e89-82bb-1e4c45e9d9f5,2019-04-02T08:07:00.000-07:00,0,18051506,46,0,Port Hardy,British Columbia
1fb1e547-c62b-4e89-82bb-1e4c45e9d9f5,2019-04-03T08:08:00.000-07:00,0,18051506,46,0,Port Hardy,British Columbia
1fb1e547-c62b-4e89-82bb-1e4c45e9d9f5,2019-04-04T08:09:00.000-07:00,1,18051506,46,0.02173913,Port Hardy,British Columbia
1fb1e547-c62b-4e89-82bb-1e4c45e9d9f5,2019-04-05T08:09:00.000-07:00,1,18051506,46,0.02173913,Port Hardy,British Columbia
1fb1e547-c62b-4e89-82bb-1e4c45e9d9f5,2019-04-08T08:10:00.000-07:00,4,18051506,46,0.086956522,Port Hardy,British Columbia
1fb1e547-c62b-4e89-82bb-1e4c45e9d9f5,2019-04-09T08:11:00.000-07:00,0,18051506,46,0,Port Hardy,British Columbia
1fb1e547-c62b-4e89-82bb-1e4c45e9d9f5,2019-04-10T08:12:00.000-07:00,1,18051506,46,0.02173913,Port Hardy,British Columbia
1fb1e547-c62b-4e89-82bb-1e4c45e9d9f5,2019-04-11T08:13:00.000-07:00,1,18051506,46,0.02173913,Port Hardy,British Columbia
1fb1e547-c62b-4e89-82bb-1e4c45e9d9f5,2019-04-12T08:13:00.000-07:00,0,18051506,46,0,Port Hardy,British Columbia
1fb1e547-c62b-4e89-82bb-1e4c45e9d9f5,2019-04-15T08:14:00.000-07:00,2,18051506,46,0.043478261,Port Hardy,British Columbia
1fb1e547-c62b-4e89-82bb-1e4c45e9d9f5,2019-04-16T08:15:00.000-07:00,0,18051506,46,0,Port Hardy,British Columbia
1fb1e547-c62b-4e89-82bb-1e4c45e9d9f5,2019-04-17T08:16:00.000-07:00,2,18051506,46,0.043478261,Port Hardy,British Columbia
3327c487-1873-40a5-81eb-ebf0c4296959,2019-04-23T08:17:00.000-07:00,1,18051506,46,0.02173913,Port Hardy,British Columbia
3327c487-1873-40a5-81eb-ebf0c4296959,2019-04-24T08:18:00.000-07:00,11,18051506,46,0.239130435,Port Hardy,British Columbia
3327c487-1873-40a5-81eb-ebf0c4296959,2019-04-25T08:19:00.000-07:00,1,18051506,46,0.02173913,Port Hardy,British Columbia
3327c487-1873-40a5-81eb-ebf0c4296959,2019-04-26T08:19:00.000-07:00,2,18051506,46,0.043478261,Port Hardy,British Columbia
3327c487-1873-40a5-81eb-ebf0c4296959,2019-04-29T08:20:00.000-07:00,2,18051506,46,0.043478261,Port Hardy,British Columbia
3327c487-1873-40a5-81eb-ebf0c4296959,2019-04-30T08:21:00.000-07:00,1,18051506,46,0.02173913,Port Hardy,British Columbia
3327c487-1873-40a5-81eb-ebf0c4296959,2019-05-01T08:21:00.000-07:00,1,18051506,46,0.02173913,Port Hardy,British Columbia
3327c487-1873-40a5-81eb-ebf0c4296959,2019-05-02T08:22:00.000-07:00,2,18051506,46,0.043478261,Port Hardy,British Columbia
3327c487-1873-40a5-81eb-ebf0c4296959,2019-05-06T08:24:00.000-07:00,1,18051506,46,0.02173913,Port Hardy,British Columbia
3327c487-1873-40a5-81eb-ebf0c4296959,2019-05-07T08:25:00.000-07:00,2,18051506,46,0.043478261,Port Hardy,British Columbia
3327c487-1873-40a5-81eb-ebf0c4296959,2019-05-08T08:03:00.000-07:00,0,18051506,46,0,Port Hardy,British Columbia
3327c487-1873-40a5-81eb-ebf0c4296959,2019-05-09T08:03:00.000-07:00,1,18051506,46,0.02173913,Port Hardy,British Columbia
6c3c96f6-c3c2-45ab-8c63-ceb6855ed5b8,2019-05-13T17:01:00.000-07:00,1,18051506,46,0.02173913,Port Hardy,British Columbia
6c3c96f6-c3c2-45ab-8c63-ceb6855ed5b8,2019-05-14T08:29:00.000-07:00,0,18051506,46,0,Port Hardy,British Columbia
6c3c96f6-c3c2-45ab-8c63-ceb6855ed5b8,2019-05-15T08:04:00.000-07:00,3,18051506,46,0.065217391,Port Hardy,British Columbia
6c3c96f6-c3c2-45ab-8c63-ceb6855ed5b8,2019-05-16T08:00:00.000-07:00,3,18051506,46,0.065217391,Port Hardy,British Columbia
6c3c96f6-c3c2-45ab-8c63-ceb6855ed5b8,2019-05-21T08:02:00.000-07:00,0,18051506,46,0,Port Hardy,British Columbia
6c3c96f6-c3c2-45ab-8c63-ceb6855ed5b8,2019-05-22T08:00:00.000-07:00,0,18051506,46,0,Port Hardy,British Columbia
6c3c96f6-c3c2-45ab-8c63-ceb6855ed5b8,2019-05-23T08:00:00.000-07:00,1,18051506,46,0.02173913,Port Hardy,British Columbia
6c3c96f6-c3c2-45ab-8c63-ceb6855ed5b8,2019-05-24T08:00:00.000-07:00,3,18051506,46,0.065217391,Port Hardy,British Columbia
fb1afc76-5b15-4ded-9e8f-d38213229c26,2019-06-05T08:25:00.000-04:00,2,18051257,51,0.039216,Hamilton,Ontario
fb1afc76-5b15-4ded-9e8f-d38213229c26,2019-06-06T09:07:00.000-04:00,4,18051257,51,0.078431,Hamilton,Ontario
fb1afc76-5b15-4ded-9e8f-d38213229c26,2019-06-07T13:09:00.000-04:00,0,18051257,51,0,Hamilton,Ontario
fb1afc76-5b15-4ded-9e8f-d38213229c26,2019-06-08T12:30:00.000-04:00,1,18051257,51,0.019608,Hamilton,Ontario
fb1afc76-5b15-4ded-9e8f-d38213229c26,2019-06-09T21:16:00.000-04:00,0,18051257,51,0,Hamilton,Ontario
fb1afc76-5b15-4ded-9e8f-d38213229c26,2019-06-11T07:00:00.000-04:00,0,18051257,51,0,Hamilton,Ontario
e3c67f8d-4f88-4970-bea5-5f2602283d46,2019-06-13T07:00:00.000-04:00,0,18051257,51,0,Hamilton,Ontario
e3c67f8d-4f88-4970-bea5-5f2602283d46,2019-06-14T07:15:00.000-04:00,0,18051257,51,0,Hamilton,Ontario
ec82772c-98ac-491c-9320-2af5a1565170,2019-02-28T11:56:00.000-05:00,1,17129123,43,0.023256,Saint-Jerome,Quebec
f0ef6998-fb27-4281-9060-0a8f458cd529,2019-01-21T10:16:00.000-08:00,2,18130340,44,0.045455,Kelowna,British Columbia
baf3b0d2-2854-435e-a691-f8ce6f8863e5,2019-01-24T11:15:00.000-08:00,2,18130340,44,0.045455,Kelowna,British Columbia
46a5c76c-1cd9-477a-aca0-fe6c8de69284,2019-01-29T09:45:00.000-08:00,3,18130340,44,0.068182,Kelowna,British Columbia
993ac4ae-4c22-4a0c-9ef4-b9c6aee0be2d,2019-02-21T08:30:00.000-05:00,2,17170303,47,0.042553,Ottawa (Cumberland),Ontario
993ac4ae-4c22-4a0c-9ef4-b9c6aee0be2d,2019-02-22T08:30:00.000-05:00,3,17170303,47,0.06383,Ottawa (Cumberland),Ontario
993ac4ae-4c22-4a0c-9ef4-b9c6aee0be2d,2019-02-25T09:06:00.000-05:00,2,17170303,47,0.042553,Ottawa (Cumberland),Ontario
993ac4ae-4c22-4a0c-9ef4-b9c6aee0be2d,2019-02-26T08:30:00.000-05:00,3,17170303,47,0.06383,Ottawa (Cumberland),Ontario
993ac4ae-4c22-4a0c-9ef4-b9c6aee0be2d,2019-02-23T13:14:00.000-05:00,2,17170303,47,0.042553,Ottawa (Cumberland),Ontario
96a7eb3b-bbb4-44f7-80ea-951ffc86b3ee,2019-03-15T14:30:00.000-04:00,0,18051528,48,0,Lachine,Quebec
96a7eb3b-bbb4-44f7-80ea-951ffc86b3ee,2019-03-20T13:05:00.000-04:00,5,18051528,48,0.104167,Lachine,Quebec
96a7eb3b-bbb4-44f7-80ea-951ffc86b3ee,2019-03-21T14:10:00.000-04:00,0,18051528,48,0,Lachine,Quebec
63b3d36f-e7fc-42d5-8218-824b28773191,2019-02-20T07:40:00.000-05:00,0,18130409,52,0,Guelph,Ontario
63b3d36f-e7fc-42d5-8218-824b28773191,2019-02-21T07:38:00.000-05:00,0,18130409,52,0,Guelph,Ontario
63b3d36f-e7fc-42d5-8218-824b28773191,2019-02-22T07:39:00.000-05:00,0,18130409,52,0,Guelph,Ontario
63b3d36f-e7fc-42d5-8218-824b28773191,2019-02-23T07:59:00.000-05:00,1,18130409,52,0.019231,Guelph,Ontario
63b3d36f-e7fc-42d5-8218-824b28773191,2019-02-24T07:37:00.000-05:00,1,18130409,52,0.019231,Guelph,Ontario
63b3d36f-e7fc-42d5-8218-824b28773191,2019-02-26T07:40:00.000-05:00,0,18130409,52,0,Guelph,Ontario
0b35e95b-f234-4bdd-b0b0-4048847dfe28,2019-01-31T09:58:00.000-04:00,1,18051203,58,0.017241,Bridgewater,Nova Scotia
a055e33c-887f-4e89-a506-ceeb79adfc53,2018-12-18T12:26:00.000-05:00,3,18130148,44,0.068,London,Ontario
5a5e5c22-4a36-476d-b442-6d750f831c76,2019-03-07T09:30:00.000-05:00,3,18051323,49,0.061,Kleinburg,Ontario
5835cc3e-f112-498b-a1ae-e546aa138c0c,2019-02-19T13:15:00.000-05:00,3,1805135,50,0.06,Lindsay,Ontario
4a18ec7e-d7a8-4cd0-8d1d-8f02893c05ad,2019-02-21T13:50:00.000-05:00,0,18129243,51,0,Ottawa,Ontario
77441e8f-6665-41b3-bcc5-15e6ee310d6b,2019-02-26T15:30:00.000-06:00,1,18047235,42,0.02380952,Headingley,Manitoba
4cbad0d3-9069-474f-93ad-0582c6930118,2019-02-24T12:30:00.000-05:00,16,18129115,49,0.326531,Port Dover,Ontario
a055e33c-887f-4e89-a506-ceeb79adfc53,2019-02-24T17:41:00.000-05:00,28,18130148,42,0.666667,London,Ontario
0c5c5e8f-eeb7-4ba3-ba09-2e3a62b152bb,2019-02-26T11:00:00.000-05:00,15,18129209,44,0.340909,Embrun,Ontario
63579a04-e81b-4dfe-93e7-8d1ce3131de4,2019-02-23T15:43:00.000-03:30,17,18051415,54,0.314815,Channel-Port Aux Basques,Newfoundland and Labrador
0a341b7f-3663-4a85-896a-de92001479e0,2019-01-25T13:10:00.000-06:00,13,18051231,52,0.25,Stonewall,Manitoba
0a341b7f-3663-4a85-896a-de92001479e0,2019-01-26T13:05:00.000-06:00,13,18051231,52,0.25,Stonewall,Manitoba
