Identifier,Collection Date,Number of bubbles,Bubble Detector ID,Sensitivity (b/mrem),Calculated Exposure (mrem),City,Province/Territory,,Calculated Exposure Day 7
009d1d48-27ab-4446-b20a-b67855ff8e8b,1/30/2019,1,17170223,47,0.021276596,Camrose,Alberta,,0.021276596
02127c7f-69ce-41ee-ae58-402c405b5e49,1/22/2019,4,18129115,49,0.081632653,Port Dover,Ontario,,
02127c7f-69ce-41ee-ae58-402c405b5e49,1/23/2019,5,18129115,49,0.102040816,Port Dover,Ontario,,
02127c7f-69ce-41ee-ae58-402c405b5e49,1/23/2019,4,18129115,49,0.081632653,Port Dover,Ontario,,
02127c7f-69ce-41ee-ae58-402c405b5e49,1/24/2019,6,18129115,49,0.12244898,Port Dover,Ontario,,
02127c7f-69ce-41ee-ae58-402c405b5e49,1/25/2019,4,18129115,49,0.081632653,Port Dover,Ontario,,0.081632653
024f89b4-ea85-48e7-b2ee-8f4f752ddbe9,1/16/2019,1,16260124,46,0.02173913,Strathroy,Ontario,,
024f89b4-ea85-48e7-b2ee-8f4f752ddbe9,1/22/2019,1,16260124,46,0.02173913,Strathroy,Ontario,,
024f89b4-ea85-48e7-b2ee-8f4f752ddbe9,1/23/2019,1,16260124,46,0.02173913,Strathroy,Ontario,,0.02173913
024f89b4-ea85-48e7-b2ee-8f4f752ddbe9,1/25/2019,1,16260124,46,0.02173913,Strathroy,Ontario,,
024f89b4-ea85-48e7-b2ee-8f4f752ddbe9,1/28/2019,4,16260124,46,0.086956522,Strathroy,Ontario,,
024f89b4-ea85-48e7-b2ee-8f4f752ddbe9,1/30/2019,2,16260124,46,0.043478261,Strathroy,Ontario,,
024f89b4-ea85-48e7-b2ee-8f4f752ddbe9,2/1/2019,2,16260124,46,0.043478261,Strathroy,Ontario,,0.043478261
024f89b4-ea85-48e7-b2ee-8f4f752ddbe9,2/21/2019,2,16260124,46,0.043478261,Strathroy,Ontario,,
024f89b4-ea85-48e7-b2ee-8f4f752ddbe9,2/25/2019,3,16260124,46,0.065217391,Strathroy,Ontario,,
024f89b4-ea85-48e7-b2ee-8f4f752ddbe9,2/27/2019,7,16260124,46,0.152173913,Strathroy,Ontario,,
02af2a79-c8f7-4353-9163-8755a007df08,2/20/2019,1,18046215,48,0.020833333,Bridgewater,Nouvelle-?cosse,,
02af2a79-c8f7-4353-9163-8755a007df08,2/25/2019,4,18046215,48,0.083333333,Bridgewater,Nouvelle-?cosse,,0.083333333
02af2a79-c8f7-4353-9163-8755a007df08,3/6/2019,4,18046215,48,0.083333333,Bridgewater,Nouvelle-?cosse,,
02af2a79-c8f7-4353-9163-8755a007df08,3/12/2019,3,18046215,48,0.0625,Bridgewater,Nouvelle-?cosse,,
02af2a79-c8f7-4353-9163-8755a007df08,3/28/2019,3,18046215,48,0.0625,Bridgewater,Nouvelle-?cosse,,
046634f4-6cb6-407d-9182-dffdf7095e79,3/26/2019,1,17170314,57,0.01754386,Limoges,Ontario,,
046634f4-6cb6-407d-9182-dffdf7095e79,4/23/2019,9,17170314,57,0.157894737,Limoges,Ontario,,0.043859649
0543fb07-06e0-4eca-8cb4-771e4745e8be,2/25/2019,2,18051507,62,0.032,Waterloo,Ontario,,
0543fb07-06e0-4eca-8cb4-771e4745e8be,2/26/2019,3,18051507,62,0.048,Waterloo,Ontario,,
0543fb07-06e0-4eca-8cb4-771e4745e8be,2/27/2019,2,18051507,62,0.032,Waterloo,Ontario,,
0543fb07-06e0-4eca-8cb4-771e4745e8be,2/28/2019,4,18051507,62,0.065,Waterloo,Ontario,,
0543fb07-06e0-4eca-8cb4-771e4745e8be,3/1/2019,7,18051507,62,0.113,Waterloo,Ontario,,0.113
063292af-2a6b-416f-b021-5e75ad887657,2/19/2019,1,18046230,52,0.019230769,Hanover,Ontario,,
063292af-2a6b-416f-b021-5e75ad887657,2/20/2019,2,18046230,52,0.038461539,Hanover,Ontario,,
063292af-2a6b-416f-b021-5e75ad887657,2/21/2019,2,18046230,52,0.038461539,Hanover,Ontario,,
063292af-2a6b-416f-b021-5e75ad887657,2/22/2019,3,18046230,52,0.057692308,Hanover,Ontario,,
063292af-2a6b-416f-b021-5e75ad887657,2/23/2019,3,18046230,52,0.057692308,Hanover,Ontario,,
063292af-2a6b-416f-b021-5e75ad887657,2/24/2019,4,18046230,52,0.076923077,Hanover,Ontario,,
063292af-2a6b-416f-b021-5e75ad887657,2/25/2019,4,18046230,52,0.076923077,Hanover,Ontario,,0.076923077
0a341b7f-3663-4a85-896a-de92001479e0,1/14/2019,1,18051231,52,0.019230769,Stonewall,Manitoba,,
0a341b7f-3663-4a85-896a-de92001479e0,1/14/2019,1,18051231,52,0.019230769,Stonewall,Manitoba,,
0a341b7f-3663-4a85-896a-de92001479e0,1/14/2019,2,18051231,52,0.038461538,Stonewall,Manitoba,,
0a341b7f-3663-4a85-896a-de92001479e0,1/15/2019,2,18051231,52,0.038461538,Stonewall,Manitoba,,
0a341b7f-3663-4a85-896a-de92001479e0,1/16/2019,4,18051231,52,0.076923077,Stonewall,Manitoba,,
0a341b7f-3663-4a85-896a-de92001479e0,1/16/2019,4,18051231,52,0.076923077,Stonewall,Manitoba,,
0a341b7f-3663-4a85-896a-de92001479e0,1/17/2019,4,18051231,52,0.076923077,Stonewall,Manitoba,,
0a341b7f-3663-4a85-896a-de92001479e0,1/17/2019,4,18051231,52,0.076923077,Stonewall,Manitoba,,
0a341b7f-3663-4a85-896a-de92001479e0,1/18/2019,5,18051231,52,0.096153846,Stonewall,Manitoba,,
0a341b7f-3663-4a85-896a-de92001479e0,1/18/2019,5,18051231,52,0.096153846,Stonewall,Manitoba,,
0a341b7f-3663-4a85-896a-de92001479e0,1/19/2019,11,18051231,52,0.211538462,Stonewall,Manitoba,,
0a341b7f-3663-4a85-896a-de92001479e0,1/19/2019,11,18051231,52,0.211538462,Stonewall,Manitoba,,
0a341b7f-3663-4a85-896a-de92001479e0,1/19/2019,11,18051231,52,0.211538462,Stonewall,Manitoba,,
0a341b7f-3663-4a85-896a-de92001479e0,1/21/2019,6,18051231,52,0.115384615,Stonewall,Manitoba,,
0a341b7f-3663-4a85-896a-de92001479e0,1/21/2019,6,18051231,52,0.115384615,Stonewall,Manitoba,,
0a341b7f-3663-4a85-896a-de92001479e0,1/22/2019,6,18051231,52,0.115384615,Stonewall,Manitoba,,0.115384615
0a341b7f-3663-4a85-896a-de92001479e0,1/23/2019,6,18051231,52,0.115384615,Stonewall,Manitoba,,
0a341b7f-3663-4a85-896a-de92001479e0,1/23/2019,6,18051231,52,0.115384615,Stonewall,Manitoba,,
0a341b7f-3663-4a85-896a-de92001479e0,1/24/2019,11,18051231,52,0.211538462,Stonewall,Manitoba,,
0a341b7f-3663-4a85-896a-de92001479e0,1/24/2019,11,18051231,52,0.211538462,Stonewall,Manitoba,,
0a341b7f-3663-4a85-896a-de92001479e0,1/25/2019,13,18051231,52,0.25,Stonewall,Manitoba,,
0a341b7f-3663-4a85-896a-de92001479e0,1/26/2019,13,18051231,52,0.25,Stonewall,Manitoba,,
0a341b7f-3663-4a85-896a-de92001479e0,1/31/2019,9,18051231,52,0.173076923,Stonewall,Manitoba,,
0a341b7f-3663-4a85-896a-de92001479e0,3/19/2019,1,18051231,52,0.019230769,Stonewall,Manitoba,,
0a341b7f-3663-4a85-896a-de92001479e0,3/20/2019,4,18051231,52,0.076923077,Stonewall,Manitoba,,
0a341b7f-3663-4a85-896a-de92001479e0,3/21/2019,5,18051231,52,0.096153846,Stonewall,Manitoba,,
0a341b7f-3663-4a85-896a-de92001479e0,3/22/2019,6,18051231,52,0.115384615,Stonewall,Manitoba,,
0a341b7f-3663-4a85-896a-de92001479e0,3/23/2019,6,18051231,52,0.115384615,Stonewall,Manitoba,,0.115384615
0a341b7f-3663-4a85-896a-de92001479e0,4/23/2019,3,18051231,52,0.058,Stonewall,Manitoba,,
0a341b7f-3663-4a85-896a-de92001479e0,4/23/2019,3,18051231,52,0.058,Stonewall,Manitoba,,
0a341b7f-3663-4a85-896a-de92001479e0,4/24/2019,4,18051231,52,0.077,Stonewall,Manitoba,,
0a341b7f-3663-4a85-896a-de92001479e0,4/24/2019,4,18051231,52,0.077,Stonewall,Manitoba,,
0a341b7f-3663-4a85-896a-de92001479e0,4/25/2019,5,18051231,52,0.096,Stonewall,Manitoba,,
0a341b7f-3663-4a85-896a-de92001479e0,4/25/2019,5,18051231,52,0.096,Stonewall,Manitoba,,
0a341b7f-3663-4a85-896a-de92001479e0,4/27/2019,2,18051231,52,0.038461538,Stonewall,Manitoba,,
0a341b7f-3663-4a85-896a-de92001479e0,4/30/2019,19,19051231,52,0.365,Stonewall,Manitoba,,
0a341b7f-3663-4a85-896a-de92001479e0,5/1/2019,15,18051231,52,0.28846,Stonewall,Manitoba,,0.28846
0b35e95b-f234-4bdd-b0b0-4048847dfe28,1/29/2019,5,18051203,58,0.086,Bridgewater,Nova Scotia,,
0b35e95b-f234-4bdd-b0b0-4048847dfe28,1/31/2019,1,18051203,58,0.017241,Bridgewater,Nova Scotia,,
0b35e95b-f234-4bdd-b0b0-4048847dfe28,2/5/2019,1,18051203,58,0.017,Bridgewater,Nova Scotia,,
0b35e95b-f234-4bdd-b0b0-4048847dfe28,2/7/2019,1,18051203,58,0.017,Bridgewater,Nova Scotia,,0.017
0b35e95b-f234-4bdd-b0b0-4048847dfe28,2/20/2019,1,18051203,58,0.017,Bridgewater,Nova Scotia,,
0b35e95b-f234-4bdd-b0b0-4048847dfe28,2/26/2019,2,18051203,58,0.034,Bridgewater,Nova Scotia,,0.034
0b35e95b-f234-4bdd-b0b0-4048847dfe28,3/1/2019,2,18051203,58,0.034,Bridgewater,Nova Scotia,,
0b35e95b-f234-4bdd-b0b0-4048847dfe28,3/8/2019,2,18051203,58,0.03448,Bridgewater,Nova Scotia,,0.03448
0b35e95b-f234-4bdd-b0b0-4048847dfe28,3/12/2019,1,18051203,58,0.0172,Bridgewater,Nova Scotia,,
0b35e95b-f234-4bdd-b0b0-4048847dfe28,3/15/2019,3,18051203,58,0.051724,Bridgewater,Nova Scotia,,0.051724
0c57809b-4876-4fdd-a535-974a827e7dab,2/26/2019,2,18129250,55,0.036,Waterloo,Ontario,,
0c57809b-4876-4fdd-a535-974a827e7dab,2/27/2019,1,18129250,55,0.018,Waterloo,Ontario,,
0c57809b-4876-4fdd-a535-974a827e7dab,2/28/2019,2,18129250,55,0.036363636,Waterloo,Ontario,,
0c57809b-4876-4fdd-a535-974a827e7dab,3/1/2019,3,18129250,55,0.055,Waterloo,Ontario,,0.11
0c5c5e8f-eeb7-4ba3-ba09-2e3a62b152bb,2/21/2019,1,18129209,44,0.022727273,Ottawa,Ontario,,
0c5c5e8f-eeb7-4ba3-ba09-2e3a62b152bb,2/22/2019,1,18129209,44,0.022727273,Ottawa,Ontario,,
0c5c5e8f-eeb7-4ba3-ba09-2e3a62b152bb,2/23/2019,3,18129209,44,0.068181818,Ottawa,Ontario,,
0c5c5e8f-eeb7-4ba3-ba09-2e3a62b152bb,2/24/2019,3,18129209,44,0.068181818,Ottawa,Ontario,,
0c5c5e8f-eeb7-4ba3-ba09-2e3a62b152bb,2/25/2019,2,18129209,44,0.045454545,Ottawa,Ontario,,
0c5c5e8f-eeb7-4ba3-ba09-2e3a62b152bb,2/26/2019,15,18129209,44,0.340909,Embrun,Ontario,,
0c5c5e8f-eeb7-4ba3-ba09-2e3a62b152bb,2/27/2019,2,18129209,44,0.045454545,Ottawa,Ontario,,
0c5c5e8f-eeb7-4ba3-ba09-2e3a62b152bb,2/28/2019,2,18129209,44,0.045454545,Ottawa,Ontario,,0.068181818
16ac7c83-6f69-4683-b2e5-be67827c1c0f,2/18/2019,2,18046246,53,0.037735849,Saguenay,Quebec,,
16ac7c83-6f69-4683-b2e5-be67827c1c0f,2/21/2019,1,18046246,53,0.018867925,Saguenay,Quebec,,
16ac7c83-6f69-4683-b2e5-be67827c1c0f,2/22/2019,1,18046246,53,0.018867925,Saguenay,Quebec,,0.075471698
1ac2f41d-8ebe-4452-a302-a2a54a4fb9a4,3/8/2019,1,18129211,55,0.018,Mississauga,Ontario,,0.018
1b4e620c-6c96-42ed-aab1-63e3409a5de5,2/25/2019,5,18129211,55,0.091,Mississauga,Ontario,,
1b4e620c-6c96-42ed-aab1-63e3409a5de5,2/26/2019,1,18129211,55,0.018,Mississauga,Ontario,,
1b4e620c-6c96-42ed-aab1-63e3409a5de5,2/28/2019,2,18129211,55,0.036,Mississauga,Ontario,,0.072
1d00beaf-16c0-43ea-88c5-34e773c1392d,2/21/2019,1,18051404,58,0.017241379,Chilliwack,British Columbia,,
1d00beaf-16c0-43ea-88c5-34e773c1392d,2/26/2019,3,18051404,58,0.051724138,Chilliwack,British Columbia,,
1d00beaf-16c0-43ea-88c5-34e773c1392d,2/27/2019,2,18051404,58,0.034482759,Chilliwack,British Columbia,,
1d00beaf-16c0-43ea-88c5-34e773c1392d,2/27/2019,3,18051404,58,0.051724138,Chilliwack,British Columbia,,
1d00beaf-16c0-43ea-88c5-34e773c1392d,2/28/2019,2,18051404,58,0.034482759,Chilliwack,British Columbia,,0.034482759
1efe5190-e5c9-4af5-b01b-c4f26b18483b,2/20/2019,7,17129149,49,0.142857143,Thornhill,Ontario,,
1efe5190-e5c9-4af5-b01b-c4f26b18483b,2/21/2019,8,17129149,49,0.163265306,Thornhill,Ontario,,0.285714282
1f129390-03f2-429b-abc6-66cfee9bf519,1/16/2019,1,18047344,47,0.021276596,Florenceville-Bristol,New Brunswick,,
1f129390-03f2-429b-abc6-66cfee9bf519,1/25/2019,7,18047344,47,0.14893617,Florenceville-Bristol,New Brunswick,,0.11583922
1f129390-03f2-429b-abc6-66cfee9bf519,1/30/2019,1,18047344,47,0.021276596,Florenceville-Bristol,New Brunswick,,
1f129390-03f2-429b-abc6-66cfee9bf519,1/31/2019,2,18047344,47,0.042553191,Florenceville-Bristol,New Brunswick,,0.14900592
1f129390-03f2-429b-abc6-66cfee9bf519,2/21/2019,2,18047344,47,0.042553191,Florenceville-Bristol,New Brunswick,,
1fb1e547-c62b-4e89-82bb-1e4c45e9d9f5,2/2/2019,2,17072232,46,0.043478261,Port Hardy,British Columbia,,
1fb1e547-c62b-4e89-82bb-1e4c45e9d9f5,2/7/2019,1,17072232,46,0.02173913,Port Hardy,British Columbia,,
1fb1e547-c62b-4e89-82bb-1e4c45e9d9f5,2/12/2019,5,17072232,46,0.108695652,Port Hardy,British Columbia,,0.076086956
1fb1e547-c62b-4e89-82bb-1e4c45e9d9f5,2/13/2019,1,17072232,46,0.02173913,Port Hardy,British Columbia,,
1fb1e547-c62b-4e89-82bb-1e4c45e9d9f5,2/14/2019,1,17072232,46,0.02173913,Port Hardy,British Columbia,,
1fb1e547-c62b-4e89-82bb-1e4c45e9d9f5,2/20/2019,1,17072232,46,0.02173913,Port Hardy,British Columbia,,
1fb1e547-c62b-4e89-82bb-1e4c45e9d9f5,2/21/2019,1,17072232,46,0.02173913,Port Hardy,British Columbia,,0.02173913
1fb1e547-c62b-4e89-82bb-1e4c45e9d9f5,4/4/2019,1,18051506,46,0.02173913,Port Hardy,British Columbia,,
1fb1e547-c62b-4e89-82bb-1e4c45e9d9f5,4/5/2019,1,18051506,46,0.02173913,Port Hardy,British Columbia,,
1fb1e547-c62b-4e89-82bb-1e4c45e9d9f5,4/8/2019,4,18051506,46,0.086956522,Port Hardy,British Columbia,,
1fb1e547-c62b-4e89-82bb-1e4c45e9d9f5,4/10/2019,1,18051506,46,0.02173913,Port Hardy,British Columbia,,
1fb1e547-c62b-4e89-82bb-1e4c45e9d9f5,4/11/2019,1,18051506,46,0.02173913,Port Hardy,British Columbia,,
1fb1e547-c62b-4e89-82bb-1e4c45e9d9f5,4/15/2019,2,18051506,46,0.043478261,Port Hardy,British Columbia,,0.043478261
1fb1e547-c62b-4e89-82bb-1e4c45e9d9f5,4/17/2019,2,18051506,46,0.043478261,Port Hardy,British Columbia,,
27483cd4-ea09-420f-83b2-09f75f2e02e9,2/21/2019,1,17170137,67,0.014925,Stouffville,Ontario,,
27483cd4-ea09-420f-83b2-09f75f2e02e9,2/21/2019,3,18129245,55,0.054545455,Stouffville,Ontario,,
27483cd4-ea09-420f-83b2-09f75f2e02e9,2/22/2019,2,18129245,55,0.036363636,Stouffville,Ontario,,
27483cd4-ea09-420f-83b2-09f75f2e02e9,2/23/2019,2,17170137,67,0.02985,Stouffville,Ontario,,
27483cd4-ea09-420f-83b2-09f75f2e02e9,2/24/2019,2,17170137,67,0.02985,Stouffville,Ontario,,
27483cd4-ea09-420f-83b2-09f75f2e02e9,2/25/2019,1,18129245,55,0.018181818,Stouffville,Ontario,,
27483cd4-ea09-420f-83b2-09f75f2e02e9,2/26/2019,1,17170137,67,0.014925,Stouffville,Ontario,,
27483cd4-ea09-420f-83b2-09f75f2e02e9,2/27/2019,2,18129245,55,0.036363636,Stouffville,Ontario,,
27483cd4-ea09-420f-83b2-09f75f2e02e9,2/28/2019,1,18129245,55,0.018181818,Stouffville,Ontario,,0.054545455
27483cd4-ea09-420f-83b2-09f75f2e02e9,3/4/2019,1,18129245,55,0.018181818,Stouffville,Ontario,,
27483cd4-ea09-420f-83b2-09f75f2e02e9,3/6/2019,3,18129245,55,0.054545455,Stouffville,Ontario,,0.036363636
27483cd4-ea09-420f-83b2-09f75f2e02e9,3/20/2019,1,18129245,55,0.018181818,Stouffville,Ontario,,
27483cd4-ea09-420f-83b2-09f75f2e02e9,4/22/2019,2,18129245,55,0.036363636,Stouffville,Ontario,,
2e8106c0-d481-446b-bbbb-c32740eef411,2/22/2019,1,18051554,47,0.021276596,Longueuil,Quebec,,
2e8106c0-d481-446b-bbbb-c32740eef411,2/24/2019,1,18051554,47,0.021276596,Longueuil,Quebec,,0.021276596
306cd52f-3cb5-4ac9-b5e5-f92371c34ba2,3/19/2019,1,18046241,48,0.02083333,Ottawa,Ontario,,
306cd52f-3cb5-4ac9-b5e5-f92371c34ba2,4/2/2019,1,18046241,48,0.0208333,Ottawa,Ontario,,
306cd52f-3cb5-4ac9-b5e5-f92371c34ba2,4/16/2019,2,18046241,48,0.0416666,Ottawa,Ontario,,0.0416666
3327c487-1873-40a5-81eb-ebf0c4296959,1/22/2019,2,17072232,46,0.043478261,Port Hardy,British Columbia,,
3327c487-1873-40a5-81eb-ebf0c4296959,1/23/2019,1,17072232,46,0.02173913,Port Hardy,British Columbia,,
3327c487-1873-40a5-81eb-ebf0c4296959,1/24/2019,2,17072232,46,0.043478261,Port Hardy,British Columbia,,
3327c487-1873-40a5-81eb-ebf0c4296959,1/25/2019,2,17072232,46,0.043478261,Port Hardy,British Columbia,,
3327c487-1873-40a5-81eb-ebf0c4296959,1/31/2019,1,17072232,46,0.02173913,Port Hardy,British Columbia,,
3327c487-1873-40a5-81eb-ebf0c4296959,2/1/2019,4,17072232,46,0.086956522,Port Hardy,British Columbia,,0.086956522
3327c487-1873-40a5-81eb-ebf0c4296959,4/23/2019,1,18051506,46,0.02173913,Port Hardy,British Columbia,,
3327c487-1873-40a5-81eb-ebf0c4296959,4/24/2019,11,18051506,46,0.239130435,Port Hardy,British Columbia,,
3327c487-1873-40a5-81eb-ebf0c4296959,4/25/2019,1,18051506,46,0.02173913,Port Hardy,British Columbia,,
3327c487-1873-40a5-81eb-ebf0c4296959,4/26/2019,2,18051506,46,0.043478261,Port Hardy,British Columbia,,
3327c487-1873-40a5-81eb-ebf0c4296959,4/29/2019,2,18051506,46,0.043478261,Port Hardy,British Columbia,,
3327c487-1873-40a5-81eb-ebf0c4296959,4/30/2019,1,18051506,46,0.02173913,Port Hardy,British Columbia,,0.02173913
3327c487-1873-40a5-81eb-ebf0c4296959,5/1/2019,1,18051506,46,0.02173913,Port Hardy,British Columbia,,
3327c487-1873-40a5-81eb-ebf0c4296959,5/2/2019,2,18051506,46,0.043478261,Port Hardy,British Columbia,,
3327c487-1873-40a5-81eb-ebf0c4296959,5/6/2019,1,18051506,46,0.02173913,Port Hardy,British Columbia,,
3327c487-1873-40a5-81eb-ebf0c4296959,5/7/2019,2,18051506,46,0.043478261,Port Hardy,British Columbia,,0.043478261
3327c487-1873-40a5-81eb-ebf0c4296959,5/9/2019,1,18051506,46,0.02173913,Port Hardy,British Columbia,,
3a14d714-55c7-4dab-897e-92adf6d0dcf9,4/18/2019,3,17129205,49,0.0612,Markham,Ontario,,
3a14d714-55c7-4dab-897e-92adf6d0dcf9,4/23/2019,9,17129205,49,0.1837,Markham,Ontario,,
3a14d714-55c7-4dab-897e-92adf6d0dcf9,4/24/2019,6,17129205,49,0.122,Markham,Ontario,,
3a14d714-55c7-4dab-897e-92adf6d0dcf9,4/26/2019,7,17129205,49,0.143,Markham,Ontario,,0.143
3a14d714-55c7-4dab-897e-92adf6d0dcf9,4/29/2019,6,17129205,49,0.122,Markham,Ontario,,
3a81f8f1-0ebf-4d14-9e5c-5d03cd8e9682,2/19/2019,1,18051544,55,0.018181818,Montreal,Quebec,,
3a81f8f1-0ebf-4d14-9e5c-5d03cd8e9682,2/21/2019,1,18051544,55,0.018181818,Montreal,Quebec,,
3a81f8f1-0ebf-4d14-9e5c-5d03cd8e9682,2/22/2019,1,18051544,55,0.018181818,Montreal,Quebec,,0.018181818
3c60c77a-a9f5-4e56-a425-e3c187faf59e,3/21/2019,9,18046221,53,0.16,Montreal,Quebec,,
3c60c77a-a9f5-4e56-a425-e3c187faf59e,3/25/2019,12,18046221,53,0.22,Montreal,Quebec,,
3c60c77a-a9f5-4e56-a425-e3c187faf59e,3/27/2019,13,18046221,53,0.24,Montreal,Quebec,,
3c60c77a-a9f5-4e56-a425-e3c187faf59e,3/28/2019,13,18046221,53,0.24,Montreal,Quebec,,0.24
3c60c77a-a9f5-4e56-a425-e3c187faf59e,3/29/2019,13,18046221,53,0.24,Montreal,Quebec,,
3c60c77a-a9f5-4e56-a425-e3c187faf59e,4/1/2019,14,18046221,53,0.26,Montreal,Quebec,,
3c60c77a-a9f5-4e56-a425-e3c187faf59e,4/2/2019,14,18046221,53,0.26,Montreal,Quebec,,
3c60c77a-a9f5-4e56-a425-e3c187faf59e,4/3/2019,15,18046221,53,0.28,Montreal,Quebec,,
3c60c77a-a9f5-4e56-a425-e3c187faf59e,4/4/2019,14,18046221,53,0.26,Montreal,Quebec,,
3c60c77a-a9f5-4e56-a425-e3c187faf59e,4/8/2019,15,18046221,53,0.28,Montreal,Quebec,,0.28
3c60c77a-a9f5-4e56-a425-e3c187faf59e,4/9/2019,16,18046221,53,0.3,Montreal,Quebec,,
3c60c77a-a9f5-4e56-a425-e3c187faf59e,4/10/2019,16,18046221,53,0.3,Montreal,Quebec,,
3c60c77a-a9f5-4e56-a425-e3c187faf59e,4/11/2019,15,18046221,53,0.28,Montreal,Quebec,,
3c60c77a-a9f5-4e56-a425-e3c187faf59e,4/12/2019,16,18046221,53,0.3,Montreal,Quebec,,
3c60c77a-a9f5-4e56-a425-e3c187faf59e,4/15/2019,16,18046221,53,0.3,Montreal,Quebec,,
3c60c77a-a9f5-4e56-a425-e3c187faf59e,4/16/2019,15,18046221,53,0.28,Montreal,Quebec,,
3c60c77a-a9f5-4e56-a425-e3c187faf59e,4/17/2019,15,18046221,53,0.28,Montreal,Quebec,,0.28
3c60c77a-a9f5-4e56-a425-e3c187faf59e,4/26/2019,23,18046221,53,0.43,Montreal,Quebec,,
46a5c76c-1cd9-477a-aca0-fe6c8de69284,1/29/2019,3,18130340,44,0.068182,Kelowna,British Columbia,,
4a18ec7e-d7a8-4cd0-8d1d-8f02893c05ad,2/22/2019,1,18129243,51,0.02,Ottawa,Ontario,,
4a18ec7e-d7a8-4cd0-8d1d-8f02893c05ad,2/23/2019,2,18129243,51,0.04,Ottawa,Ontario,,
4a18ec7e-d7a8-4cd0-8d1d-8f02893c05ad,2/24/2019,1,18129243,51,0.02,Ottawa,Ontario,,
4a18ec7e-d7a8-4cd0-8d1d-8f02893c05ad,2/26/2019,1,18129243,51,0.02,Ottawa,Ontario,,
4a18ec7e-d7a8-4cd0-8d1d-8f02893c05ad,2/27/2019,2,18129243,51,0.04,Ottawa,Ontario,,0.05
4cbad0d3-9069-474f-93ad-0582c6930118,2/18/2019,3,18129115,49,0.06122449,Port Dover,Ontario,,
4cbad0d3-9069-474f-93ad-0582c6930118,2/19/2019,4,18129115,49,0.081632653,Port Dover,Ontario,,
4cbad0d3-9069-474f-93ad-0582c6930118,2/20/2019,3,18129115,49,0.06122449,Port Dover,Ontario,,
4cbad0d3-9069-474f-93ad-0582c6930118,2/21/2019,6,18129115,49,0.12244898,Port Dover,Ontario,,
4cbad0d3-9069-474f-93ad-0582c6930118,2/22/2019,3,18129115,49,0.06122449,Port Dover,Ontario,,
4cbad0d3-9069-474f-93ad-0582c6930118,2/23/2019,1,18129115,49,0.020408163,Port Dover,Ontario,,0.12244898
4cbad0d3-9069-474f-93ad-0582c6930118,2/24/2019,16,18129115,49,0.326531,Port Dover,Ontario,,
4ea0356b-8ca6-4493-912a-866f9ff95eeb,2/19/2019,1,18130212,49,0.020408163,East Angus,Quebec,,
4ea0356b-8ca6-4493-912a-866f9ff95eeb,2/20/2019,2,18130212,49,0.040816327,East Angus,Quebec,,
4ea0356b-8ca6-4493-912a-866f9ff95eeb,2/22/2019,3,18130212,49,0.06122449,East Angus,Quebec,,
4ea0356b-8ca6-4493-912a-866f9ff95eeb,2/23/2019,1,18130212,49,0.020408163,East Angus,Quebec,,0.06122449
4f2d7442-d915-4040-ac04-d43462aac4e8,3/21/2019,2,18046241,48,0.04166667,Ottawa,Ontario,,
4f2d7442-d915-4040-ac04-d43462aac4e8,3/28/2019,1,18046241,48,0.02083333,Ottawa,Ontario,,0.04166667
51d30129-a05c-4cf8-bc1e-4410c6257e0c,2/19/2019,3,18051351,56,0.053571429,Whitecourt,Alberta,,
51d30129-a05c-4cf8-bc1e-4410c6257e0c,2/23/2019,1,18051351,56,0.017857143,Whitecourt,Alberta,,
51d30129-a05c-4cf8-bc1e-4410c6257e0c,2/26/2019,1,18051351,56,0.0179,Whitecourt,Alberta,,0.0179
5439cc11-1709-44a8-bdd6-ad7d16dced39,4/3/2019,4,18046241,48,0.0833333,Ottawa,Ontario,,
56389f81-1962-4add-9138-c292f7e5a132,2/19/2019,1,18130212,49,0.020408163,East Angus,Quebec,,
5835cc3e-f112-498b-a1ae-e546aa138c0c,2/19/2019,3,1805135,50,0.06,Lindsay,Ontario,,
5a5e5c22-4a36-476d-b442-6d750f831c76,3/6/2019,3,18051323,49,0.061,Kleinburg,Ontario,,
5a5e5c22-4a36-476d-b442-6d750f831c76,3/7/2019,3,18051323,49,0.061,Kleinburg,Ontario,,
5a5e5c22-4a36-476d-b442-6d750f831c76,3/20/2019,3,18051323,49,0.061,Kleinburg,Ontario,,
5a5e5c22-4a36-476d-b442-6d750f831c76,3/21/2019,3,18051323,49,0.061,Kleinburg,Ontario,,
5a5e5c22-4a36-476d-b442-6d750f831c76,3/27/2019,4,18051323,49,0.081,Kleinburg,Ontario,,0.081
5a5e5c22-4a36-476d-b442-6d750f831c76,3/29/2019,5,18051323,49,0.102,Kleinburg,Ontario,,
5a5e5c22-4a36-476d-b442-6d750f831c76,4/3/2019,5,18051323,49,0.1,Kleinburg,Ontario,,
5a5e5c22-4a36-476d-b442-6d750f831c76,4/11/2019,7,18051323,49,0.14,Kleinburg,Ontario,,
5e6065eb-1c77-43d9-8a9b-330542ec6361,2/20/2019,7,18129260,54,0.12962963,Grand Falls-Windsor,Newfoundland and Labrador,,
5e6065eb-1c77-43d9-8a9b-330542ec6361,2/22/2019,5,18129260,54,0.092592593,Grand Falls-Windsor,Newfoundland and Labrador,,0.092592593
5e6065eb-1c77-43d9-8a9b-330542ec6361,2/23/2019,1,18129260,54,0.018518519,Grand Falls-Windsor,Newfoundland and Labrador,,
5e6065eb-1c77-43d9-8a9b-330542ec6361,2/24/2019,2,18129260,54,0.037037037,Grand Falls-Windsor,Newfoundland and Labrador,,
5f93d214-802f-415b-8551-862e28c19789,1/16/2019,1,18046220,53,0.018867925,Salmon Arm,British Columbia,,
5f93d214-802f-415b-8551-862e28c19789,1/18/2019,1,18046220,53,0.018867925,Salmon Arm,British Columbia,,
5f93d214-802f-415b-8551-862e28c19789,1/19/2019,2,18046220,53,0.037735849,Salmon Arm,British Columbia,,
5f93d214-802f-415b-8551-862e28c19789,1/20/2019,1,18046220,53,0.018867925,Salmon Arm,British Columbia,,
5f93d214-802f-415b-8551-862e28c19789,1/21/2019,2,18046220,53,0.037735849,Salmon Arm,British Columbia,,
5f93d214-802f-415b-8551-862e28c19789,1/22/2019,1,18046220,53,0.018867925,Salmon Arm,British Columbia,,
5f93d214-802f-415b-8551-862e28c19789,1/23/2019,1,18046220,53,0.018867925,Salmon Arm,British Columbia,,0.018867925
5f93d214-802f-415b-8551-862e28c19789,1/24/2019,1,18046220,53,0.018867925,Salmon Arm,British Columbia,,
5f93d214-802f-415b-8551-862e28c19789,1/25/2019,3,18046220,53,0.056603774,Salmon Arm,British Columbia,,
5f93d214-802f-415b-8551-862e28c19789,1/29/2019,2,18046220,53,0.037735849,Salmon Arm,British Columbia,,
5f93d214-802f-415b-8551-862e28c19789,1/31/2019,9,18046220,53,0.169811321,Salmon Arm,British Columbia,,0.169811321
5f93d214-802f-415b-8551-862e28c19789,2/1/2019,5,18046220,53,0.094339623,Salmon Arm,British Columbia,,
5f93d214-802f-415b-8551-862e28c19789,2/5/2019,3,18046220,53,0.056603774,Salmon Arm,British Columbia,,
5f93d214-802f-415b-8551-862e28c19789,2/7/2019,3,18046220,53,0.056603774,Salmon Arm,British Columbia,,0.056603774
627d6cf1-94ac-4e77-8b6f-7f7b752ab12f,4/1/2019,2,18046241,48,0.04166667,Ottawa,Ontario,,
627d6cf1-94ac-4e77-8b6f-7f7b752ab12f,4/8/2019,3,18046241,48,0.0625,Ottawa,Ontario,,0.0625
627d6cf1-94ac-4e77-8b6f-7f7b752ab12f,4/15/2019,4,18046241,48,0.083333,Ottawa,Ontario,,
62d94657-543d-4f1c-af6c-61baa49e9d24,3/19/2019,1,18051220,59,0.017,Newmarket,Ontario,,
62d94657-543d-4f1c-af6c-61baa49e9d24,3/20/2019,1,18051220,59,0.017,Newmarket,Ontario,,
62d94657-543d-4f1c-af6c-61baa49e9d24,3/21/2019,2,18051220,59,0.034,Newmarket,Ontario,,
62d94657-543d-4f1c-af6c-61baa49e9d24,3/22/2019,2,18051220,59,0.034,Newmarket,Ontario,,
62d94657-543d-4f1c-af6c-61baa49e9d24,3/25/2019,3,18051220,59,0.051,Newmarket,Ontario,,0.051
63579a04-e81b-4dfe-93e7-8d1ce3131de4,2/20/2019,6,18051415,54,0.111111111,Channel-Port Aux Basques,Newfoundland and Labrador,,
63579a04-e81b-4dfe-93e7-8d1ce3131de4,2/21/2019,2,18051415,54,0.037037037,Channel-Port Aux Basques,Newfoundland and Labrador,,
63579a04-e81b-4dfe-93e7-8d1ce3131de4,2/23/2019,17,18051415,54,0.314815,Channel-Port Aux Basques,Newfoundland and Labrador,,
63579a04-e81b-4dfe-93e7-8d1ce3131de4,2/24/2019,3,18051415,54,0.0555,Channel-Port Aux Basques,Newfoundland and Labrador,,
63579a04-e81b-4dfe-93e7-8d1ce3131de4,2/26/2019,3,18051415,54,0.0556,Channel-Port Aux Basques,Newfoundland and Labrador,,
63579a04-e81b-4dfe-93e7-8d1ce3131de4,2/28/2019,3,18051415,54,0.0556,Channel-Port Aux Basques,Newfoundland and Labrador,,0.111111111
63b3d36f-e7fc-42d5-8218-824b28773191,2/23/2019,1,18130409,52,0.019231,Guelph,Ontario,,
63b3d36f-e7fc-42d5-8218-824b28773191,2/24/2019,1,18130409,52,0.019231,Guelph,Ontario,,0.019231
6648c712-0630-4539-af6d-f59cd463ae54,2/22/2019,1,18051554,47,0.021276596,Longueuil,Quebec,,
6648c712-0630-4539-af6d-f59cd463ae54,2/24/2019,1,18051554,47,0.021276596,Longueuil,Quebec,,0.021276596
67837e41-158f-4f50-b569-b342e84d1233,1/18/2019,2,18129240,55,0.036363636,Amqui,Quebec,,
67837e41-158f-4f50-b569-b342e84d1233,1/24/2019,3,18129240,55,0.054545,Amqui,Quebec,,0.054545
67837e41-158f-4f50-b569-b342e84d1233,1/26/2019,2,18129240,55,0.03636,Amqui,Quebec,,
67837e41-158f-4f50-b569-b342e84d1233,1/30/2019,1,18129240,55,0.01818,Amqui,Quebec,,
67837e41-158f-4f50-b569-b342e84d1233,4/6/2019,2,18129240,55,0.03636,Amqui,Quebec,,
67837e41-158f-4f50-b569-b342e84d1233,4/8/2019,1,18129240,55,0.01818,Amqui,Quebec,,
67837e41-158f-4f50-b569-b342e84d1233,4/10/2019,3,18129240,55,0.054545,Amqui,Quebec,,
67837e41-158f-4f50-b569-b342e84d1233,4/14/2019,2,18129240,55,0.03636,Amqui,Quebec,,0.03636
67837e41-158f-4f50-b569-b342e84d1233,4/17/2019,1,18129240,55,0.01818,Amqui,Quebec,,
68021439-904b-4d53-b98c-5b40687f5d00,2/13/2019,1,17072241,53,0.018867925,Innisfail,Alberta,,
68021439-904b-4d53-b98c-5b40687f5d00,2/14/2019,2,17072241,53,0.037735849,Innisfail,Alberta,,0.037735849
68021439-904b-4d53-b98c-5b40687f5d00,2/26/2019,1,17072241,53,0.018867925,Innisfail,Alberta,,
6b3c9938-f2bd-4319-bc2b-536731c81389,2/20/2019,1,18046238,52,0.019230769,St-Jean-sur-Richelieu,Quebec,,
6b3c9938-f2bd-4319-bc2b-536731c81389,2/22/2019,1,18046238,52,0.019230769,St-Jean-sur-Richelieu,Quebec,,
6b3c9938-f2bd-4319-bc2b-536731c81389,2/26/2019,10,18046238,52,0.192307692,St-Jean-sur-Richelieu,Quebec,,
6b3c9938-f2bd-4319-bc2b-536731c81389,3/1/2019,1,18046238,52,0.019230769,St-Jean-sur-Richelieu,Quebec,,
6b3c9938-f2bd-4319-bc2b-536731c81389,3/13/2019,2,18046238,52,0.038461539,St-Jean-sur-Richelieu,Quebec,,0.038461539
6c107aaf-de6a-404a-9864-a8a708a852e4,2/22/2019,2,18130424,52,0.038461538,Brampton,Ontario,,
6c107aaf-de6a-404a-9864-a8a708a852e4,2/22/2019,2,18130424,52,0.038461538,Brampton,Ontario,,
6c107aaf-de6a-404a-9864-a8a708a852e4,2/27/2019,3,18130424,52,0.057692308,Brampton,Ontario,,0.057692308
6c107aaf-de6a-404a-9864-a8a708a852e4,3/1/2019,2,18130424,52,0.03846,Brampton,Ontario,,
6c36af52-dc30-4adf-8210-d9d36caa017d,2/24/2019,2,18051445,43,0.046511628,Montreal,Quebec,,
6c3c96f6-c3c2-45ab-8c63-ceb6855ed5b8,2/25/2019,3,17072232,46,0.065217391,Port Hardy,British Columbia,,
6c3c96f6-c3c2-45ab-8c63-ceb6855ed5b8,2/26/2019,1,17072232,46,0.02173913,Port Hardy,British Columbia,,
6c3c96f6-c3c2-45ab-8c63-ceb6855ed5b8,2/27/2019,3,17072232,46,0.065217391,Port Hardy,British Columbia,,
6c3c96f6-c3c2-45ab-8c63-ceb6855ed5b8,3/1/2019,1,17072232,46,0.02173913,Port Hardy,British Columbia,,
6c3c96f6-c3c2-45ab-8c63-ceb6855ed5b8,3/4/2019,1,17072232,46,0.02173913,Port Hardy,British Columbia,,
6c3c96f6-c3c2-45ab-8c63-ceb6855ed5b8,3/5/2019,2,17072232,46,0.043478261,Port Hardy,British Columbia,,0.043478261
6c3c96f6-c3c2-45ab-8c63-ceb6855ed5b8,5/13/2019,1,18051506,46,0.02173913,Port Hardy,British Columbia,,
6c3c96f6-c3c2-45ab-8c63-ceb6855ed5b8,5/15/2019,3,18051506,46,0.065217391,Port Hardy,British Columbia,,
6c3c96f6-c3c2-45ab-8c63-ceb6855ed5b8,5/16/2019,3,18051506,46,0.065217391,Port Hardy,British Columbia,,
6c3c96f6-c3c2-45ab-8c63-ceb6855ed5b8,5/23/2019,1,18051506,46,0.02173913,Port Hardy,British Columbia,,
6c3c96f6-c3c2-45ab-8c63-ceb6855ed5b8,5/24/2019,3,18051506,46,0.065217391,Port Hardy,British Columbia,,0.065217391
6fc011b2-4310-4244-bd9a-c3e4aef54e64,2/19/2019,1,18130212,49,0.020408163,East Angus,Quebec,,
70aa09eb-f08d-4946-b502-3c623c9c6b2b,2/23/2019,1,17170304,56,0.0178,Winnipeg,Manitoba,,
70aa09eb-f08d-4946-b502-3c623c9c6b2b,2/24/2019,1,17170304,56,0.0178,Winnipeg,Manitoba,,
70aa09eb-f08d-4946-b502-3c623c9c6b2b,2/25/2019,1,17170304,56,0.0178,Winnipeg,Manitoba,,
70aa09eb-f08d-4946-b502-3c623c9c6b2b,2/26/2019,2,17170304,56,0.0357,Winnipeg,Manitoba,,0.0714
715c3737-b434-4cf3-9da8-4b3f54ff054c,4/17/2019,1,18130124,53,0.018867925,Sainte-Catherine-de-la-Jacques-Cartier,Quebec,,
7740d6e5-3551-4384-a304-38dcc4033825,3/1/2019,1,17129123,46,0.021,Saint-Jerome,Quebec,,
77441e8f-6665-41b3-bcc5-15e6ee310d6b,2/22/2019,1,18047235,42,0.02380952,Headingley,Manitoba,,
77441e8f-6665-41b3-bcc5-15e6ee310d6b,2/25/2019,2,18047235,42,0.04761905,Headingley,Manitoba,,
77441e8f-6665-41b3-bcc5-15e6ee310d6b,2/26/2019,1,18047235,42,0.02380952,Headingley,Manitoba,,0.0952381
7cda7462-6d8d-439c-b482-5bd6d768352a,2/21/2019,2,18129247,53,0.037735849,Calgary,Alberta,,
7cda7462-6d8d-439c-b482-5bd6d768352a,2/22/2019,2,18129247,53,0.037735849,Calgary,Alberta,,
7cda7462-6d8d-439c-b482-5bd6d768352a,2/23/2019,5,18129247,53,0.094339623,Calgary,Alberta,,
7cda7462-6d8d-439c-b482-5bd6d768352a,2/24/2019,6,18129247,53,0.113207547,Calgary,Alberta,,
7cda7462-6d8d-439c-b482-5bd6d768352a,2/25/2019,1,18129247,53,0.018867925,Calgary,Alberta,,
7cda7462-6d8d-439c-b482-5bd6d768352a,2/26/2019,1,18129247,53,0.018867925,Calgary,Alberta,,
7cda7462-6d8d-439c-b482-5bd6d768352a,2/28/2019,2,18129247,53,0.03773585,Calgary,Alberta,,0.03773585
7cda7462-6d8d-439c-b482-5bd6d768352a,3/1/2019,2,18129247,53,0.03773585,Calgary,Alberta,,
7cda7462-6d8d-439c-b482-5bd6d768352a,3/13/2019,2,18129247,53,0.03773585,Calgary,Alberta,,
7cda7462-6d8d-439c-b482-5bd6d768352a,3/17/2019,1,18129247,53,0.018867925,Calgary,Alberta,,
7cda7462-6d8d-439c-b482-5bd6d768352a,3/18/2019,1,18129247,53,0.01886792,Calgary,Alberta,,
7cda7462-6d8d-439c-b482-5bd6d768352a,3/24/2019,6,18129247,53,0.11320755,Calgary,Alberta,,0.11320755
7cda7462-6d8d-439c-b482-5bd6d768352a,3/25/2019,3,18129247,53,0.05660377,Calgary,Alberta,,
7cda7462-6d8d-439c-b482-5bd6d768352a,3/26/2019,4,18129247,53,0.0754717,Calgary,Alberta,,
7cda7462-6d8d-439c-b482-5bd6d768352a,4/1/2019,1,18129247,53,0.018867924,Calgary,Alberta,,
7cda7462-6d8d-439c-b482-5bd6d768352a,4/15/2019,4,18129247,53,0.075471698,Calgary,Alberta,,0.075471698
807d5dcd-3485-4f3c-87e4-ae51dd391dd6,2/20/2019,3,18130311,52,0.057692308,Calgary,Alberta,,
8163f602-9db5-4c01-9045-d7d997315c82,12/18/2018,3,18051217,44,0.068,London,Ontario,,
8163f602-9db5-4c01-9045-d7d997315c82,1/17/2019,2,18129251,41,0.049,London,Ontario,,
8163f602-9db5-4c01-9045-d7d997315c82,1/18/2019,1,18129251,41,0.024,London,Ontario,,
8163f602-9db5-4c01-9045-d7d997315c82,1/19/2019,2,18129251,41,0.049,London,Ontario,,
8163f602-9db5-4c01-9045-d7d997315c82,1/20/2019,1,18129251,44,0.024,London,Ontario,,
8163f602-9db5-4c01-9045-d7d997315c82,1/21/2019,3,18129251,41,0.073,London,Ontario,,0.073
8163f602-9db5-4c01-9045-d7d997315c82,3/20/2019,2,18129251,41,0.049,London,Ontario,,
8163f602-9db5-4c01-9045-d7d997315c82,3/20/2019,2,18129251,41,0.049,London,Ontario,,
81cbc647-8732-4a8c-95d0-f536ac37c626,3/1/2019,1,17129123,46,0.021,Saint-Jerome,Quebec,,
849d5554-9ed3-40da-8365-83c8a0c93a0f,2/20/2019,1,18051442,61,0.016393443,Deep River,Ontario,,
849d5554-9ed3-40da-8365-83c8a0c93a0f,2/21/2019,1,18051442,61,0.0163934,Deep River,Ontario,,
849d5554-9ed3-40da-8365-83c8a0c93a0f,2/22/2019,2,18051442,61,0.0327868,Deep River,Ontario,,
849d5554-9ed3-40da-8365-83c8a0c93a0f,2/25/2019,5,18051442,61,0.0819672,Deep River,Ontario,,
849d5554-9ed3-40da-8365-83c8a0c93a0f,2/26/2019,7,18051442,61,0.114754,Deep River,Ontario,,0.114754
89d487a5-bd45-45b6-8118-13953c307150,2/19/2019,1,17170216,51,0.0196078,Belleville,Ontario,,
89d487a5-bd45-45b6-8118-13953c307150,2/20/2019,3,17170216,51,0.0588235,Belleville,Ontario,,
89d487a5-bd45-45b6-8118-13953c307150,2/21/2019,1,17170216,51,0.0196078,Belleville,Ontario,,
89d487a5-bd45-45b6-8118-13953c307150,2/24/2019,1,17170216,51,0.0196078,Belleville,Ontario,,
89d487a5-bd45-45b6-8118-13953c307150,2/25/2019,1,17170216,51,0.0196078,Belleville,Ontario,,
89d487a5-bd45-45b6-8118-13953c307150,2/26/2019,1,17170216,51,0.0196078,Belleville,Ontario,,
89d487a5-bd45-45b6-8118-13953c307150,2/27/2019,2,17170216,51,0.0392156,Belleville,Ontario,,0.0392156
89d487a5-bd45-45b6-8118-13953c307150,3/1/2019,1,17170216,51,0.0196078,Belleville,Ontario,,
92f09f90-a005-4db9-9e3d-5fa148ac56a5,2/28/2019,4,18051536,67,0.0597,Terrace Bay,Ontario,,
92f09f90-a005-4db9-9e3d-5fa148ac56a5,3/21/2019,2,18051536,67,0.0299,Terrace Bay,Ontario,,
92f09f90-a005-4db9-9e3d-5fa148ac56a5,3/22/2019,2,18051536,67,0.0299,Terrace Bay,Ontario,,
92f09f90-a005-4db9-9e3d-5fa148ac56a5,3/24/2019,1,18051536,67,0.0149,Terrace Bay,Ontario,,
92f09f90-a005-4db9-9e3d-5fa148ac56a5,3/28/2019,2,18051536,67,0.0299,Terrace Bay,Ontario,,
92f09f90-a005-4db9-9e3d-5fa148ac56a5,3/29/2019,3,18051536,67,0.0448,Terrace Bay,Ontario,,0.0448
9519ed75-8806-4bad-a906-40e6bfc93cc7,1/29/2019,6,18051502,54,0.111111111,Sainte-Marie,Quebec,,
959484ae-c895-403a-83df-59404e44b9f6,2/21/2019,1,17170336,56,0.01785714,Petawawa,Ontario,,
959484ae-c895-403a-83df-59404e44b9f6,2/22/2019,1,17170336,56,0.01785714,Petawawa,Ontario,,
959484ae-c895-403a-83df-59404e44b9f6,3/19/2019,1,17170336,56,0.01785714,Petawawa,Ontario,,
959484ae-c895-403a-83df-59404e44b9f6,3/20/2019,2,17170336,56,0.03571429,Petawawa,Ontario,,
959484ae-c895-403a-83df-59404e44b9f6,3/21/2019,2,17170336,56,0.03571429,Petawawa,Ontario,,
959484ae-c895-403a-83df-59404e44b9f6,3/22/2019,1,17170336,56,0.01786,Petawawa,Ontario,,0.07142858
96a7eb3b-bbb4-44f7-80ea-951ffc86b3ee,3/14/2019,14,18051528,48,0.291667,Lachine,Quebec,,
96a7eb3b-bbb4-44f7-80ea-951ffc86b3ee,3/20/2019,5,18051528,48,0.104167,Lachine,Quebec,,0.104167
96a7eb3b-bbb4-44f7-80ea-951ffc86b3ee,4/3/2019,4,18051528,52,0.076923077,Montreal,Quebec,,
98cd0b54-8529-4545-a732-795e531f2f1c,2/19/2019,3,18129347,54,0.05,Toronto,Ontario,,
993ac4ae-4c22-4a0c-9ef4-b9c6aee0be2d,2/21/2019,2,17170303,47,0.042553,Ottawa (Cumberland),Ontario,,
993ac4ae-4c22-4a0c-9ef4-b9c6aee0be2d,2/22/2019,3,17170303,47,0.06383,Ottawa (Cumberland),Ontario,,
993ac4ae-4c22-4a0c-9ef4-b9c6aee0be2d,2/23/2019,2,17170303,47,0.042553,Ottawa (Cumberland),Ontario,,
993ac4ae-4c22-4a0c-9ef4-b9c6aee0be2d,2/25/2019,2,17170303,47,0.042553,Ottawa (Cumberland),Ontario,,
993ac4ae-4c22-4a0c-9ef4-b9c6aee0be2d,2/26/2019,3,17170303,47,0.06383,Ottawa (Cumberland),Ontario,,0.085106667
99b2bc9a-81a8-40d1-af3c-2c7fd27dae2c,3/6/2019,3,18129309,54,0.06,Grimsby,Ontario,,
99b2bc9a-81a8-40d1-af3c-2c7fd27dae2c,3/7/2019,1,18129309,54,0.02,Grimsby,Ontario,,
99b2bc9a-81a8-40d1-af3c-2c7fd27dae2c,3/9/2019,1,18129309,54,0.02,Grimsby,Ontario,,
99b2bc9a-81a8-40d1-af3c-2c7fd27dae2c,3/10/2019,2,18129309,54,0.04,Richmond Hill,Ontario,,
99b2bc9a-81a8-40d1-af3c-2c7fd27dae2c,3/26/2019,1,18129309,54,0.02,Grimsby,Ontario,,
99b2bc9a-81a8-40d1-af3c-2c7fd27dae2c,3/28/2019,3,18129309,54,0.06,Grimsby,Ontario,,0.06
9caaea99-7447-4fe6-9116-efa99147c123,2/13/2019,2,18130114,52,0.038461538,Innisfail,Alberta,,
9caaea99-7447-4fe6-9116-efa99147c123,2/15/2019,2,18130114,52,0.038461538,Innisfail,Alberta,,0.038461538
9dde2b0e-a95b-4421-9c49-bca65602dc63,2/21/2019,1,18130228,48,0.020833333,Tsawwassen,British Columbia,,
9fb3bbf0-a43a-40b0-9c90-b60fcd63ce51,2/20/2019,3,18051346,68,0.04,Gloucester,Ontario,,
a055e33c-887f-4e89-a506-ceeb79adfc53,12/18/2018,3,18130148,44,0.068,London,Ontario,,
a055e33c-887f-4e89-a506-ceeb79adfc53,1/19/2019,2,18130148,42,0.047619048,London,Ontario,,
a055e33c-887f-4e89-a506-ceeb79adfc53,1/20/2019,6,18130148,42,0.142857143,London,Ontario,,
a055e33c-887f-4e89-a506-ceeb79adfc53,1/23/2019,7,18130148,42,0.166666667,London,Ontario,,
a055e33c-887f-4e89-a506-ceeb79adfc53,1/26/2019,9,18130148,42,0.214285714,London,Ontario,,0.214285714
a055e33c-887f-4e89-a506-ceeb79adfc53,2/24/2019,28,18130148,42,0.666667,London,Ontario,,
a80a5290-4bab-4317-a175-4d0a017ac54c,3/5/2019,3,18130311,52,0.057692308,Calgary,Alberta,,
aa67859e-3213-438f-8623-77dca6789a1d,1/17/2019,2,18047333,48,0.041666667,LaSalle,Quebec,,
aa67859e-3213-438f-8623-77dca6789a1d,1/19/2019,1,18047333,48,0.020833333,LaSalle,Quebec,,
aa67859e-3213-438f-8623-77dca6789a1d,1/20/2019,1,18047333,48,0.020833333,LaSalle,Quebec,,0.083333334
add8d275-7362-47d2-8a9e-3d9f2d310bab,2/21/2019,3,18129245,55,0.0545,Whitchurch-Stouffville,Ontario,,
add8d275-7362-47d2-8a9e-3d9f2d310bab,2/22/2019,2,18129245,55,0.0364,Whitchurch-Stouffville,Ontario,,
add8d275-7362-47d2-8a9e-3d9f2d310bab,2/25/2019,1,18129245,55,0.0182,Whitchurch-Stouffville,Ontario,,
add8d275-7362-47d2-8a9e-3d9f2d310bab,2/27/2019,2,18129245,55,0.0364,Whitchurch-Stouffville,Ontario,,
add8d275-7362-47d2-8a9e-3d9f2d310bab,2/28/2019,2,18129245,55,0.0364,Whitchurch-Stouffville,Ontario,,
add8d275-7362-47d2-8a9e-3d9f2d310bab,3/4/2019,1,18129245,55,0.0182,Whitchurch-Stouffville,Ontario,,
add8d275-7362-47d2-8a9e-3d9f2d310bab,3/6/2019,3,18129245,55,0.0545,Whitchurch-Stouffville,Ontario,,
add8d275-7362-47d2-8a9e-3d9f2d310bab,3/20/2019,1,18129245,55,0.01812,Whitchurch-Stouffville,Ontario,,
add8d275-7362-47d2-8a9e-3d9f2d310bab,3/22/2019,2,18129245,55,0.03634,Whitchurch-Stouffville,Ontario,,0.0545
af8ce2f7-8567-4534-bbf7-7b2892b535e0,2/22/2019,2,18130424,52,0.03846,Brampton,Ontario,,
af8ce2f7-8567-4534-bbf7-7b2892b535e0,2/27/2019,3,18130424,52,0.05769,Brampton,Ontario,,
af8ce2f7-8567-4534-bbf7-7b2892b535e0,3/1/2019,2,18130424,52,0.03846,Brampton,Ontario,,0.05769
b0d40d82-757c-46da-af44-e9306f2a3aea,2/5/2019,1,18046205,50,0.02,Sechelt,British Columbia,,
b0d40d82-757c-46da-af44-e9306f2a3aea,2/14/2019,5,18046205,50,0.1,Sechelt,British Columbia,,
b0d40d82-757c-46da-af44-e9306f2a3aea,2/19/2019,3,18046205,50,0.06,Sechelt,British Columbia,,0.06
b0d40d82-757c-46da-af44-e9306f2a3aea,3/12/2019,2,18046205,50,0.04,Sechelt,British Columbia,,
b0d40d82-757c-46da-af44-e9306f2a3aea,4/9/2019,1,18046205,50,0.02,Sechelt,British Columbia,,
ba7cbb6f-bc3d-43f6-bdff-de28e8c058c0,3/30/2019,2,18051453,43,0.046511628,East Angus,Quebec,,
ba7cbb6f-bc3d-43f6-bdff-de28e8c058c0,4/1/2019,1,18051453,43,0.023255814,Sherbrooke,Quebec,,
ba7cbb6f-bc3d-43f6-bdff-de28e8c058c0,4/8/2019,1,18051453,43,0.023255814,Sherbrooke,Quebec,,0.023255814
bab46cbd-34c0-4420-b1dc-5e6d035164d4,2/20/2019,6,18128312,52,0.1154,Dryden,Ontario,,
bab46cbd-34c0-4420-b1dc-5e6d035164d4,2/21/2019,5,18128312,52,0.0962,Dryden,Ontario,,
bab46cbd-34c0-4420-b1dc-5e6d035164d4,2/22/2019,7,18128312,52,0.1346,Dryden,Ontario,,
bab46cbd-34c0-4420-b1dc-5e6d035164d4,2/25/2019,7,18128312,52,0.1346,Dryden,Ontario,,0.1346
baf3b0d2-2854-435e-a691-f8ce6f8863e5,1/24/2019,2,18130340,44,0.045455,Kelowna,British Columbia,,
bca40704-6796-4e2a-a5a2-62493aad6374,2/20/2019,1,18130204,54,0.0185185,St. Albert,Alberta,,
bca40704-6796-4e2a-a5a2-62493aad6374,2/21/2019,1,18130204,54,0.0185185,St. Albert,Alberta,,
bca40704-6796-4e2a-a5a2-62493aad6374,2/22/2019,3,18130204,54,0.0555555,St. Albert,Alberta,,
bca40704-6796-4e2a-a5a2-62493aad6374,2/23/2019,1,18130204,54,0.0185185,St. Albert,Alberta,,
bca40704-6796-4e2a-a5a2-62493aad6374,2/24/2019,1,18130204,54,0.0185185,St. Albert,Alberta,,
bca40704-6796-4e2a-a5a2-62493aad6374,2/25/2019,1,18130204,54,0.0185185,St. Albert,Alberta,,
bca40704-6796-4e2a-a5a2-62493aad6374,2/26/2019,1,18130204,54,0.0185185,St. Albert,Alberta,,0.0185185
bf78c43c-bf1d-42e7-b53c-6253a80a34b3,3/19/2019,3,18128319,58,0.05,Dartmouth,Nouvelle-?cosse,,
bf78c43c-bf1d-42e7-b53c-6253a80a34b3,3/20/2019,1,18128319,58,0.017,Dartmouth N.-E.,Nouvelle-?cosse,,
bf78c43c-bf1d-42e7-b53c-6253a80a34b3,3/21/2019,2,18128319,58,0.034,Dartmouth N.-E.,Nouvelle-?cosse,,
bf78c43c-bf1d-42e7-b53c-6253a80a34b3,3/22/2019,1,18128319,58,0.017,Dartmouth N.-E.,Nouvelle-?cosse,,
bf78c43c-bf1d-42e7-b53c-6253a80a34b3,3/23/2019,2,18128319,58,0.03,Dartmouth N.-E.,Nouvelle-?cosse,,
bf78c43c-bf1d-42e7-b53c-6253a80a34b3,3/24/2019,2,18128319,58,0.03,Dartmouth N.-E.,Nouvelle-?cosse,,0.03
c10907a9-2918-4e39-98d1-6d8dcee629c0,2/20/2019,1,18051513,53,0.0189,Vancouver,British Columbia,,
c10907a9-2918-4e39-98d1-6d8dcee629c0,2/22/2019,1,18051513,53,0.0189,Vancouver,British Columbia,,
c10907a9-2918-4e39-98d1-6d8dcee629c0,2/23/2019,4,18051513,53,0.07547,Vancouver,British Columbia,,
c10907a9-2918-4e39-98d1-6d8dcee629c0,2/24/2019,3,18051513,53,0.0566,Vancouver,British Columbia,,
c10907a9-2918-4e39-98d1-6d8dcee629c0,2/25/2019,2,18051513,53,0.0377,Vancouver,British Columbia,,
c10907a9-2918-4e39-98d1-6d8dcee629c0,2/26/2019,1,18051513,53,0.0189,Vancouver,British Columbia,,
c10907a9-2918-4e39-98d1-6d8dcee629c0,2/28/2019,1,18051513,53,0.0189,Vancouver,British Columbia,,
c10907a9-2918-4e39-98d1-6d8dcee629c0,3/1/2019,1,18051513,53,0.0189,Vancouver,British Columbia,,
c10907a9-2918-4e39-98d1-6d8dcee629c0,3/2/2019,3,18051513,53,0.0567,Vancouver,British Columbia,,0.0567
c10907a9-2918-4e39-98d1-6d8dcee629c0,3/3/2019,4,18051513,53,0.0756,Vancouver,British Columbia,,
c10907a9-2918-4e39-98d1-6d8dcee629c0,3/4/2019,4,18051513,53,0.0755,Vancouver,British Columbia,,
c10907a9-2918-4e39-98d1-6d8dcee629c0,3/6/2019,2,18051513,53,0.0377,Vancouver,British Columbia,,
c417c203-b8dd-4183-aa6e-10967b8d6108,2/20/2019,1,18047348,45,0.02,Ottawa,Ontario,,
c417c203-b8dd-4183-aa6e-10967b8d6108,2/21/2019,1,18047348,45,0.02,Ottawa,Ontario,,
c417c203-b8dd-4183-aa6e-10967b8d6108,2/22/2019,2,18047348,45,0.04,Ottawa,Ontario,,
c417c203-b8dd-4183-aa6e-10967b8d6108,2/23/2019,2,18047348,45,0.04,Ottawa,Ontario,,
c417c203-b8dd-4183-aa6e-10967b8d6108,2/24/2019,1,18047348,45,0.02,Ottawa,Ontario,,
c417c203-b8dd-4183-aa6e-10967b8d6108,2/25/2019,1,18047348,45,0.02,Ottawa,Ontario,,
c417c203-b8dd-4183-aa6e-10967b8d6108,2/26/2019,2,18047348,45,0.04,Ottawa,Ontario,,0.04
c6d6037c-545f-4201-8eaa-5dd518480bd1,2/19/2019,1,18130212,49,0.020408163,East Angus,Quebec,,
c7ac3b2b-09d0-445f-809f-408a1c8456d4,3/21/2019,1,18051426,45,0.02,Eganville,Ontario,,
c7ac3b2b-09d0-445f-809f-408a1c8456d4,3/22/2019,1,18051426,45,0.02,Eganville,Ontario,,
c7ac3b2b-09d0-445f-809f-408a1c8456d4,3/23/2019,1,18051426,45,0.02,Eganville,Ontario,,0.02
ce98fe7b-9cf0-4b11-ba00-63b599ea01e6,3/20/2019,2,17129223,56,0.0357,Ottawa,Ontario,,
ce98fe7b-9cf0-4b11-ba00-63b599ea01e6,3/21/2019,2,17129223,56,0.0357,Ottawa,Ontario,,
ce98fe7b-9cf0-4b11-ba00-63b599ea01e6,3/22/2019,1,17129223,56,0.0178,Ottawa,Ontario,,
ce98fe7b-9cf0-4b11-ba00-63b599ea01e6,4/8/2019,3,17129223,56,0.05357,Ottawa,Ontario,,0.05357
ce98fe7b-9cf0-4b11-ba00-63b599ea01e6,4/18/2019,3,17129223,56,0.053571429,Ottawa,Ontario,,
ce98fe7b-9cf0-4b11-ba00-63b599ea01e6,4/18/2019,1,17129223,56,0.017857143,Ottawa,Ontario,,
ce98fe7b-9cf0-4b11-ba00-63b599ea01e6,4/20/2019,6,17129223,56,0.107142857,Ottawa,Ontario,,
ce98fe7b-9cf0-4b11-ba00-63b599ea01e6,4/23/2019,5,17129223,56,0.089285714,Ottawa,Ontario,,0.089285714
ce98fe7b-9cf0-4b11-ba00-63b599ea01e6,4/25/2019,2,17129223,56,0.035714286,Ottawa,Ontario,,
ce98fe7b-9cf0-4b11-ba00-63b599ea01e6,5/3/2019,5,17129223,56,0.089285714,Ottawa,Ontario,,
d12248d8-f494-4b00-a9fd-e69e82abccb8,4/24/2019,4,18130254,56,0.071,Nepean,Ontario,,
d12248d8-f494-4b00-a9fd-e69e82abccb8,4/25/2019,5,18130254,56,0.089,Nepean,Ontario,,
d12248d8-f494-4b00-a9fd-e69e82abccb8,4/26/2019,5,18130254,56,0.089,Nepean,Ontario,,
d12248d8-f494-4b00-a9fd-e69e82abccb8,4/27/2019,6,18130254,56,0.107,Nepean,Ontario,,
d12248d8-f494-4b00-a9fd-e69e82abccb8,4/29/2019,9,18130254,56,0.161,Nepean,Ontario,,0.161
d4f925c1-44d8-4209-902f-df2f6d9b6f50,2/4/2019,1,18046205,50,0.02,Sechelt,British Columbia,,
d4f925c1-44d8-4209-902f-df2f6d9b6f50,2/6/2019,1,18046205,50,0.02,Sechelt,British Columbia,,
d4f925c1-44d8-4209-902f-df2f6d9b6f50,2/25/2019,4,18046205,50,0.08,Sechelt,British Columbia,,
d4f925c1-44d8-4209-902f-df2f6d9b6f50,2/27/2019,1,18046205,50,0.02,Sechelt,British Columbia,,
d4f925c1-44d8-4209-902f-df2f6d9b6f50,3/4/2019,4,18046205,50,0.08,Sechelt,British Columbia,,0.08
d4f925c1-44d8-4209-902f-df2f6d9b6f50,3/6/2019,2,18046205,50,0.04,Sechelt,British Columbia,,
d4f925c1-44d8-4209-902f-df2f6d9b6f50,3/8/2019,1,18046205,50,0.02,Sechelt,British Columbia,,
d4f925c1-44d8-4209-902f-df2f6d9b6f50,3/11/2019,2,18046205,50,0.04,Sechelt,British Columbia,,
d4f925c1-44d8-4209-902f-df2f6d9b6f50,4/3/2019,2,18046205,50,0.04,Sechelt,British Columbia,,
d4f925c1-44d8-4209-902f-df2f6d9b6f50,4/15/2019,4,18046205,50,0.08,Sechelt,British Columbia,,
d5f82152-5e9b-4112-86a0-4471b05b6f82,2/5/2019,1,18046205,50,0.02,Sechelt,British Columbia,,
d5f82152-5e9b-4112-86a0-4471b05b6f82,2/14/2019,6,18046205,50,0.12,Sechelt,British Columbia,,
d5f82152-5e9b-4112-86a0-4471b05b6f82,2/19/2019,3,18046205,50,0.06,Sechelt,British Columbia,,0.06
d76ddb9e-b3e7-4616-b4ed-0b91f5062469,2/19/2019,1,18130212,49,0.020408163,East Angus,Quebec,,
d9e458d6-b7ce-4bf1-8ba3-62958a948c59,2/21/2019,1,18051343,52,0.019230769,Trenton,Ontario,,
d9e458d6-b7ce-4bf1-8ba3-62958a948c59,2/22/2019,1,18051343,52,0.019230769,Trenton,Ontario,,
d9e458d6-b7ce-4bf1-8ba3-62958a948c59,2/26/2019,1,18051343,52,0.019230769,Trenton,Ontario,,
d9e458d6-b7ce-4bf1-8ba3-62958a948c59,3/4/2019,2,18051343,52,0.038461538,Trenton,Ontario,,
d9e458d6-b7ce-4bf1-8ba3-62958a948c59,3/7/2019,2,18051343,52,0.038461538,Trenton,Ontario,,
d9e458d6-b7ce-4bf1-8ba3-62958a948c59,3/8/2019,3,18051343,52,0.057692308,Trenton,Ontario,,0.057692308
da3be5da-0ef7-4d36-84cb-c368409d9663,2/11/2019,2,18130249,49,0.04,London,Ontario,,
dad2387a-e40a-4a22-8ac7-1ff0c893d2da,2/4/2019,1,18046205,50,0.02,Sechelt,British Columbia,,
dad2387a-e40a-4a22-8ac7-1ff0c893d2da,2/6/2019,1,18046205,50,0.02,Sechelt,British Columbia,,
dad2387a-e40a-4a22-8ac7-1ff0c893d2da,2/27/2019,1,18046205,50,0.02,Sechelt,British Columbia,,
dad2387a-e40a-4a22-8ac7-1ff0c893d2da,3/4/2019,4,18046205,50,0.08,Sechelt,British Columbia,,
dad2387a-e40a-4a22-8ac7-1ff0c893d2da,3/11/2019,2,18046205,50,0.04,Sechelt,British Columbia,,
dad2387a-e40a-4a22-8ac7-1ff0c893d2da,4/3/2019,2,18047205,50,0.04,Sechelt,British Columbia,,
dad2387a-e40a-4a22-8ac7-1ff0c893d2da,4/5/2019,1,18046205,50,0.02,Sechelt,British Columbia,,
dad2387a-e40a-4a22-8ac7-1ff0c893d2da,4/8/2019,7,18046205,50,0.14,Sechelt,British Columbia,,
dad2387a-e40a-4a22-8ac7-1ff0c893d2da,4/15/2019,4,18046205,50,0.08,Sechelt,British Columbia,,0.08
dad2387a-e40a-4a22-8ac7-1ff0c893d2da,4/26/2019,6,18046205,50,0.12,Sechelt,British Columbia,,
dad2387a-e40a-4a22-8ac7-1ff0c893d2da,5/1/2019,2,18046205,50,0.04,Sechelt,British Columbia,,0.06
df5eceb7-3194-4e9a-86e0-b5e9f1ac8413,2/22/2019,1,18051554,47,0.021276596,Longueuil,Quebec,,
df5eceb7-3194-4e9a-86e0-b5e9f1ac8413,2/24/2019,1,18051554,47,0.021276596,Longueuil,Quebec,,0.021276596
e053901a-f834-44f5-93d0-e2b88c9b7cdc,2/20/2019,1,18130214,57,0.01754386,Vancouver,British Columbia,,
e053901a-f834-44f5-93d0-e2b88c9b7cdc,2/22/2019,2,18130214,57,0.035087719,Vancouver,British Columbia,,
e053901a-f834-44f5-93d0-e2b88c9b7cdc,2/23/2019,1,18130214,57,0.017543859,Vancouver,British Columbia,,
e053901a-f834-44f5-93d0-e2b88c9b7cdc,2/25/2019,2,18130214,57,0.035087719,Vancouver,British Columbia,,
e053901a-f834-44f5-93d0-e2b88c9b7cdc,2/27/2019,3,18130214,57,0.05231578,Vancouver,British Columbia,,0.05231578
e053901a-f834-44f5-93d0-e2b88c9b7cdc,4/2/2019,1,18130214,57,0.017543859,Vancouver,British Columbia,,
e053901a-f834-44f5-93d0-e2b88c9b7cdc,4/3/2019,1,18130214,57,0.017543859,Vancouver,British Columbia,,
e053901a-f834-44f5-93d0-e2b88c9b7cdc,4/5/2019,1,18130214,57,0.017543859,Vancouver,British Columbia,,
e053901a-f834-44f5-93d0-e2b88c9b7cdc,4/8/2019,1,18130214,57,0.017543859,Vancouver,British Columbia,,0.017543859
e17cb1e0-83d1-4814-8e94-12d922867976,3/22/2019,1,17121154,49,0.020408163,Ottawa,Ontario,,
e17cb1e0-83d1-4814-8e94-12d922867976,3/27/2019,2,17121154,49,0.040816327,Ottawa,Ontario,,0.040816327
e17cb1e0-83d1-4814-8e94-12d922867976,4/3/2019,1,17121154,49,0.020408163,Ottawa,Ontario,,
e252569c-3a8f-4ee0-850b-34aa38011db4,2/21/2019,2,18129253,45,0.044444444,Coquitlam,British Columbia,,
e252569c-3a8f-4ee0-850b-34aa38011db4,2/22/2019,1,18129253,45,0.022222222,Coquitlam,British Columbia,,
e252569c-3a8f-4ee0-850b-34aa38011db4,2/23/2019,2,18129253,45,0.044444444,Coquitlam,British Columbia,,
e252569c-3a8f-4ee0-850b-34aa38011db4,2/24/2019,4,18129253,45,0.088888889,Coquitlam,British Columbia,,
e252569c-3a8f-4ee0-850b-34aa38011db4,2/24/2019,4,18129253,45,0.088888889,Coquitlam,British Columbia,,
e252569c-3a8f-4ee0-850b-34aa38011db4,2/27/2019,1,18129253,45,0.022222222,Coquitlam,British Columbia,,
e252569c-3a8f-4ee0-850b-34aa38011db4,2/28/2019,1,18129253,45,0.022222222,Coquitlam,British Columbia,,0.088888889
e5e41b63-370f-44f3-9a50-dc79cf9c884b,3/29/2019,2,18130102,53,0.038,Oakville,Ontario,,
e5e41b63-370f-44f3-9a50-dc79cf9c884b,4/5/2019,3,18130102,53,0.057,Oakville,Ontario,,
e5e41b63-370f-44f3-9a50-dc79cf9c884b,4/8/2019,3,18130102,53,0.088888889,Oakville,Ontario,,0.088888889
e5e41b63-370f-44f3-9a50-dc79cf9c884b,4/11/2019,6,18130102,53,0.113,Oakville,Ontario,,
e5e41b63-370f-44f3-9a50-dc79cf9c884b,4/15/2019,3,18130108,53,0.057,Oakville,Ontario,,
e5e41b63-370f-44f3-9a50-dc79cf9c884b,4/18/2019,7,18130102,53,0.132,Oakville,Ontario,,0.132
e5e41b63-370f-44f3-9a50-dc79cf9c884b,4/23/2019,5,18830102,53,0.094,Oakville,Ontario,,
e5e41b63-370f-44f3-9a50-dc79cf9c884b,4/26/2019,7,18130102,53,0.132,Oakville,Ontario,,
e5e41b63-370f-44f3-9a50-dc79cf9c884b,4/29/2019,6,18130102,53,0.1132,Oakville,Ontario,,0.1132
e5e41b63-370f-44f3-9a50-dc79cf9c884b,5/3/2019,5,18130102,53,0.09433,Oakville,Ontario,,
e5e41b63-370f-44f3-9a50-dc79cf9c884b,5/6/2019,2,18130102,53,0.03773,Oakville,Ontario,,
e5e41b63-370f-44f3-9a50-dc79cf9c884b,5/9/2019,1,18130102,53,0.0189,Oakville,Ontario,,
e5e41b63-370f-44f3-9a50-dc79cf9c884b,5/13/2019,2,18130102,53,0.037735849,Oakville,Ontario,,
e5e41b63-370f-44f3-9a50-dc79cf9c884b,5/17/2019,3,18130102,53,0.0566,Oakville,Ontario,,
e5e41b63-370f-44f3-9a50-dc79cf9c884b,5/21/2019,4,18130102,53,0.075471698,Oakville,Ontario,,0.075471698
e88d4cff-021d-4b4d-bdef-f05783598825,2/25/2019,16,17129159,49,0.327,Saskatoon,Saskatchewan,,
e88d4cff-021d-4b4d-bdef-f05783598825,2/25/2019,16,18051545,54,0.296,Saskatoon,Saskatchewan,,
ec82772c-98ac-491c-9320-2af5a1565170,2/28/2019,1,17129123,43,0.023256,Saint-Jerome,Quebec,,
f0ef6998-fb27-4281-9060-0a8f458cd529,1/21/2019,2,18130340,44,0.045455,Kelowna,British Columbia,,
f442a65d-3f0b-4a1d-a43f-a5911f80006f,2/26/2019,4,16260125,50,0.08,Montreal,Quebec,,
f442a65d-3f0b-4a1d-a43f-a5911f80006f,3/12/2019,4,16260125,50,0.08,Montreal,Quebec,,
f442a65d-3f0b-4a1d-a43f-a5911f80006f,3/14/2019,2,16260125,50,0.04,Montreal,Quebec,,
f442a65d-3f0b-4a1d-a43f-a5911f80006f,3/20/2019,2,16260125,50,0.04,Montreal,Quebec,,
f442a65d-3f0b-4a1d-a43f-a5911f80006f,3/20/2019,2,16260125,50,0.04,Montreal,Quebec,,
f442a65d-3f0b-4a1d-a43f-a5911f80006f,3/26/2019,4,16260125,50,0.08,Montreal,Quebec,,0.08
f442a65d-3f0b-4a1d-a43f-a5911f80006f,4/12/2019,1,16260125,50,0.02,Montreal,Quebec,,
f442a65d-3f0b-4a1d-a43f-a5911f80006f,4/16/2019,2,16260125,50,0.04,Montreal,Quebec,,
f442a65d-3f0b-4a1d-a43f-a5911f80006f,4/16/2019,2,16260125,50,0.04,Montreal,Quebec,,
f442a65d-3f0b-4a1d-a43f-a5911f80006f,4/30/2019,3,16260125,50,0.06,Montreal,Quebec,,0.06
f442a65d-3f0b-4a1d-a43f-a5911f80006f,5/2/2019,1,16260125,50,0.02,Montreal,Quebec,,
f442a65d-3f0b-4a1d-a43f-a5911f80006f,5/6/2019,9,16260125,50,0.18,Montreal,Quebec,,
f454b9ad-9cbb-4817-a4c5-b0eddced5bd3,3/21/2019,1,17170223,47,0.021276596,Camrose,Alberta,,
f67c875d-efc7-462a-9c19-6cbb18774fe9,2/23/2019,3,18129417,47,0.06,Toronto,Ontario,,
f67c875d-efc7-462a-9c19-6cbb18774fe9,2/24/2019,4,18129417,47,0.08,Toronto,Ontario,,
f67c875d-efc7-462a-9c19-6cbb18774fe9,2/25/2019,3,18129417,47,0.06,Toronto,Ontario,,
f67c875d-efc7-462a-9c19-6cbb18774fe9,2/26/2019,3,18129417,47,0.06,Toronto,Ontario,,0.08
faf2b946-8817-4d71-a1f1-2e9b5075b303,3/26/2019,6,18047312,44,0.1363636,St-Felix-de-Valois,Quebec,,
faf2b946-8817-4d71-a1f1-2e9b5075b303,3/27/2019,8,18047312,44,0.181818182,St-Felix-de-Valois,Quebec,,
faf2b946-8817-4d71-a1f1-2e9b5075b303,3/28/2019,8,18047312,44,0.181818182,St-Felix-de-Valois,Quebec,,
faf2b946-8817-4d71-a1f1-2e9b5075b303,3/29/2019,12,18047312,44,0.272727273,St-Felix-de-Valois,Quebec,,
faf2b946-8817-4d71-a1f1-2e9b5075b303,4/1/2019,12,18047312,44,0.272727273,St-Felix-de-Valois,Quebec,,
faf2b946-8817-4d71-a1f1-2e9b5075b303,4/2/2019,13,18047312,44,0.295454545,St-Felix-de-Valois,Quebec,,
faf2b946-8817-4d71-a1f1-2e9b5075b303,4/5/2019,14,18047312,44,0.318181818,St-Felix-de-Valois,Quebec,,
faf2b946-8817-4d71-a1f1-2e9b5075b303,4/25/2019,5,18947312,44,0.11363636,St-Felix-de-Valois,Quebec,,0.272727273
fb1afc76-5b15-4ded-9e8f-d38213229c26,6/5/2019,2,18051257,51,0.039216,Hamilton,Ontario,,
fb1afc76-5b15-4ded-9e8f-d38213229c26,6/6/2019,4,18051257,51,0.078431,Hamilton,Ontario,,
fb1afc76-5b15-4ded-9e8f-d38213229c26,6/8/2019,1,18051257,51,0.019608,Hamilton,Ontario,,0.078431
