,Identifier,Collection Date,Number of bubbles,Bubble Detector ID,Sensitivity (b/mrem),Calculated Exposure (mrem),City,Province/Territory
58,009d1d48-27ab-4446-b20a-b67855ff8e8b,2019-01-30,1,17170223,47,0.021276596000000002,Camrose,Alberta
45,02127c7f-69ce-41ee-ae58-402c405b5e49,2019-01-22,4,18129115,49,0.081632653,Port Dover,Ontario
46,02127c7f-69ce-41ee-ae58-402c405b5e49,2019-01-23,5,18129115,49,0.10204081599999999,Port Dover,Ontario
47,02127c7f-69ce-41ee-ae58-402c405b5e49,2019-01-23,4,18129115,49,0.081632653,Port Dover,Ontario
48,02127c7f-69ce-41ee-ae58-402c405b5e49,2019-01-24,6,18129115,49,0.12244898,Port Dover,Ontario
49,02127c7f-69ce-41ee-ae58-402c405b5e49,2019-01-25,4,18129115,49,0.081632653,Port Dover,Ontario
24,024f89b4-ea85-48e7-b2ee-8f4f752ddbe9,2019-01-16,1,16260124,46,0.02173913,Strathroy,Ontario
21,024f89b4-ea85-48e7-b2ee-8f4f752ddbe9,2019-01-22,1,16260124,46,0.02173913,Strathroy,Ontario
26,024f89b4-ea85-48e7-b2ee-8f4f752ddbe9,2019-01-23,1,16260124,46,0.02173913,Strathroy,Ontario
44,024f89b4-ea85-48e7-b2ee-8f4f752ddbe9,2019-01-25,1,16260124,46,0.02173913,Strathroy,Ontario
53,024f89b4-ea85-48e7-b2ee-8f4f752ddbe9,2019-01-28,4,16260124,46,0.086956522,Strathroy,Ontario
57,024f89b4-ea85-48e7-b2ee-8f4f752ddbe9,2019-01-30,2,16260124,46,0.043478261,Strathroy,Ontario
61,024f89b4-ea85-48e7-b2ee-8f4f752ddbe9,2019-02-01,2,16260124,46,0.043478261,Strathroy,Ontario
139,024f89b4-ea85-48e7-b2ee-8f4f752ddbe9,2019-02-21,2,16260124,46,0.043478261,Strathroy,Ontario
276,024f89b4-ea85-48e7-b2ee-8f4f752ddbe9,2019-02-25,3,16260124,46,0.065217391,Strathroy,Ontario
264,024f89b4-ea85-48e7-b2ee-8f4f752ddbe9,2019-02-27,7,16260124,46,0.152173913,Strathroy,Ontario
121,02af2a79-c8f7-4353-9163-8755a007df08,2019-02-20,1,18046215,48,0.020833333,Bridgewater,Nouvelle-?cosse
239,02af2a79-c8f7-4353-9163-8755a007df08,2019-02-25,4,18046215,48,0.083333333,Bridgewater,Nouvelle-?cosse
342,02af2a79-c8f7-4353-9163-8755a007df08,2019-03-06,4,18046215,48,0.083333333,Bridgewater,Nouvelle-?cosse
365,02af2a79-c8f7-4353-9163-8755a007df08,2019-03-12,3,18046215,48,0.0625,Bridgewater,Nouvelle-?cosse
446,02af2a79-c8f7-4353-9163-8755a007df08,2019-03-28,3,18046215,48,0.0625,Bridgewater,Nouvelle-?cosse
426,046634f4-6cb6-407d-9182-dffdf7095e79,2019-03-26,1,17170314,57,0.01754386,Limoges,Ontario
604,046634f4-6cb6-407d-9182-dffdf7095e79,2019-04-23,9,17170314,57,0.15789473699999998,Limoges,Ontario
645,0543fb07-06e0-4eca-8cb4-771e4745e8be,2019-02-25,2,18051507,62,0.032,Waterloo,Ontario
646,0543fb07-06e0-4eca-8cb4-771e4745e8be,2019-02-26,3,18051507,62,0.048,Waterloo,Ontario
647,0543fb07-06e0-4eca-8cb4-771e4745e8be,2019-02-27,2,18051507,62,0.032,Waterloo,Ontario
648,0543fb07-06e0-4eca-8cb4-771e4745e8be,2019-02-28,4,18051507,62,0.065,Waterloo,Ontario
649,0543fb07-06e0-4eca-8cb4-771e4745e8be,2019-03-01,7,18051507,62,0.113,Waterloo,Ontario
254,063292af-2a6b-416f-b021-5e75ad887657,2019-02-19,1,18046230,52,0.019230768999999998,Hanover,Ontario
255,063292af-2a6b-416f-b021-5e75ad887657,2019-02-20,2,18046230,52,0.038461538999999996,Hanover,Ontario
256,063292af-2a6b-416f-b021-5e75ad887657,2019-02-21,2,18046230,52,0.038461538999999996,Hanover,Ontario
257,063292af-2a6b-416f-b021-5e75ad887657,2019-02-22,3,18046230,52,0.057692308,Hanover,Ontario
258,063292af-2a6b-416f-b021-5e75ad887657,2019-02-23,3,18046230,52,0.057692308,Hanover,Ontario
259,063292af-2a6b-416f-b021-5e75ad887657,2019-02-24,4,18046230,52,0.076923077,Hanover,Ontario
260,063292af-2a6b-416f-b021-5e75ad887657,2019-02-25,4,18046230,52,0.076923077,Hanover,Ontario
33,0a341b7f-3663-4a85-896a-de92001479e0,2019-01-14,1,18051231,52,0.019230768999999998,Stonewall,Manitoba
534,0a341b7f-3663-4a85-896a-de92001479e0,2019-01-14,1,18051231,52,0.019230768999999998,Stonewall,Manitoba
34,0a341b7f-3663-4a85-896a-de92001479e0,2019-01-14,2,18051231,52,0.038461537999999997,Stonewall,Manitoba
535,0a341b7f-3663-4a85-896a-de92001479e0,2019-01-15,2,18051231,52,0.038461537999999997,Stonewall,Manitoba
536,0a341b7f-3663-4a85-896a-de92001479e0,2019-01-16,4,18051231,52,0.076923077,Stonewall,Manitoba
35,0a341b7f-3663-4a85-896a-de92001479e0,2019-01-16,4,18051231,52,0.076923077,Stonewall,Manitoba
36,0a341b7f-3663-4a85-896a-de92001479e0,2019-01-17,4,18051231,52,0.076923077,Stonewall,Manitoba
537,0a341b7f-3663-4a85-896a-de92001479e0,2019-01-17,4,18051231,52,0.076923077,Stonewall,Manitoba
37,0a341b7f-3663-4a85-896a-de92001479e0,2019-01-18,5,18051231,52,0.096153846,Stonewall,Manitoba
538,0a341b7f-3663-4a85-896a-de92001479e0,2019-01-18,5,18051231,52,0.096153846,Stonewall,Manitoba
11,0a341b7f-3663-4a85-896a-de92001479e0,2019-01-19,11,18051231,52,0.21153846199999998,Stonewall,Manitoba
38,0a341b7f-3663-4a85-896a-de92001479e0,2019-01-19,11,18051231,52,0.21153846199999998,Stonewall,Manitoba
539,0a341b7f-3663-4a85-896a-de92001479e0,2019-01-19,11,18051231,52,0.21153846199999998,Stonewall,Manitoba
540,0a341b7f-3663-4a85-896a-de92001479e0,2019-01-21,6,18051231,52,0.115384615,Stonewall,Manitoba
39,0a341b7f-3663-4a85-896a-de92001479e0,2019-01-21,6,18051231,52,0.115384615,Stonewall,Manitoba
541,0a341b7f-3663-4a85-896a-de92001479e0,2019-01-22,6,18051231,52,0.115384615,Stonewall,Manitoba
40,0a341b7f-3663-4a85-896a-de92001479e0,2019-01-23,6,18051231,52,0.115384615,Stonewall,Manitoba
542,0a341b7f-3663-4a85-896a-de92001479e0,2019-01-23,6,18051231,52,0.115384615,Stonewall,Manitoba
543,0a341b7f-3663-4a85-896a-de92001479e0,2019-01-24,11,18051231,52,0.21153846199999998,Stonewall,Manitoba
41,0a341b7f-3663-4a85-896a-de92001479e0,2019-01-24,11,18051231,52,0.21153846199999998,Stonewall,Manitoba
722,0a341b7f-3663-4a85-896a-de92001479e0,2019-01-25,13,18051231,52,0.25,Stonewall,Manitoba
723,0a341b7f-3663-4a85-896a-de92001479e0,2019-01-26,13,18051231,52,0.25,Stonewall,Manitoba
546,0a341b7f-3663-4a85-896a-de92001479e0,2019-01-31,9,18051231,52,0.173076923,Stonewall,Manitoba
489,0a341b7f-3663-4a85-896a-de92001479e0,2019-03-19,1,18051231,52,0.019230768999999998,Stonewall,Manitoba
490,0a341b7f-3663-4a85-896a-de92001479e0,2019-03-20,4,18051231,52,0.076923077,Stonewall,Manitoba
491,0a341b7f-3663-4a85-896a-de92001479e0,2019-03-21,5,18051231,52,0.096153846,Stonewall,Manitoba
492,0a341b7f-3663-4a85-896a-de92001479e0,2019-03-22,6,18051231,52,0.115384615,Stonewall,Manitoba
493,0a341b7f-3663-4a85-896a-de92001479e0,2019-03-23,6,18051231,52,0.115384615,Stonewall,Manitoba
626,0a341b7f-3663-4a85-896a-de92001479e0,2019-04-23,3,18051231,52,0.057999999999999996,Stonewall,Manitoba
608,0a341b7f-3663-4a85-896a-de92001479e0,2019-04-23,3,18051231,52,0.057999999999999996,Stonewall,Manitoba
627,0a341b7f-3663-4a85-896a-de92001479e0,2019-04-24,4,18051231,52,0.077,Stonewall,Manitoba
609,0a341b7f-3663-4a85-896a-de92001479e0,2019-04-24,4,18051231,52,0.077,Stonewall,Manitoba
610,0a341b7f-3663-4a85-896a-de92001479e0,2019-04-25,5,18051231,52,0.096,Stonewall,Manitoba
628,0a341b7f-3663-4a85-896a-de92001479e0,2019-04-25,5,18051231,52,0.096,Stonewall,Manitoba
630,0a341b7f-3663-4a85-896a-de92001479e0,2019-04-27,2,18051231,52,0.038461537999999997,Stonewall,Manitoba
548,0a341b7f-3663-4a85-896a-de92001479e0,2019-04-30,19,19051231,52,0.365,Stonewall,Manitoba
562,0a341b7f-3663-4a85-896a-de92001479e0,2019-05-01,15,18051231,52,0.28846,Stonewall,Manitoba
54,0b35e95b-f234-4bdd-b0b0-4048847dfe28,2019-01-29,5,18051203,58,0.086,Bridgewater,Nova Scotia
712,0b35e95b-f234-4bdd-b0b0-4048847dfe28,2019-01-31,1,18051203,58,0.017241,Bridgewater,Nova Scotia
74,0b35e95b-f234-4bdd-b0b0-4048847dfe28,2019-02-05,1,18051203,58,0.017,Bridgewater,Nova Scotia
80,0b35e95b-f234-4bdd-b0b0-4048847dfe28,2019-02-07,1,18051203,58,0.017,Bridgewater,Nova Scotia
118,0b35e95b-f234-4bdd-b0b0-4048847dfe28,2019-02-20,1,18051203,58,0.017,Bridgewater,Nova Scotia
261,0b35e95b-f234-4bdd-b0b0-4048847dfe28,2019-02-26,2,18051203,58,0.034,Bridgewater,Nova Scotia
315,0b35e95b-f234-4bdd-b0b0-4048847dfe28,2019-03-01,2,18051203,58,0.034,Bridgewater,Nova Scotia
354,0b35e95b-f234-4bdd-b0b0-4048847dfe28,2019-03-08,2,18051203,58,0.034480000000000004,Bridgewater,Nova Scotia
366,0b35e95b-f234-4bdd-b0b0-4048847dfe28,2019-03-12,1,18051203,58,0.0172,Bridgewater,Nova Scotia
379,0b35e95b-f234-4bdd-b0b0-4048847dfe28,2019-03-15,3,18051203,58,0.051724,Bridgewater,Nova Scotia
641,0c57809b-4876-4fdd-a535-974a827e7dab,2019-02-26,2,18129250,55,0.036000000000000004,Waterloo,Ontario
642,0c57809b-4876-4fdd-a535-974a827e7dab,2019-02-27,1,18129250,55,0.018000000000000002,Waterloo,Ontario
643,0c57809b-4876-4fdd-a535-974a827e7dab,2019-02-28,2,18129250,55,0.036363636,Waterloo,Ontario
644,0c57809b-4876-4fdd-a535-974a827e7dab,2019-03-01,3,18129250,55,0.055,Waterloo,Ontario
135,0c5c5e8f-eeb7-4ba3-ba09-2e3a62b152bb,2019-02-21,1,18129209,44,0.022727273,Ottawa,Ontario
198,0c5c5e8f-eeb7-4ba3-ba09-2e3a62b152bb,2019-02-22,1,18129209,44,0.022727273,Ottawa,Ontario
199,0c5c5e8f-eeb7-4ba3-ba09-2e3a62b152bb,2019-02-23,3,18129209,44,0.06818181799999999,Ottawa,Ontario
200,0c5c5e8f-eeb7-4ba3-ba09-2e3a62b152bb,2019-02-24,3,18129209,44,0.06818181799999999,Ottawa,Ontario
201,0c5c5e8f-eeb7-4ba3-ba09-2e3a62b152bb,2019-02-25,2,18129209,44,0.045454545,Ottawa,Ontario
720,0c5c5e8f-eeb7-4ba3-ba09-2e3a62b152bb,2019-02-26,15,18129209,44,0.340909,Embrun,Ontario
297,0c5c5e8f-eeb7-4ba3-ba09-2e3a62b152bb,2019-02-27,2,18129209,44,0.045454545,Ottawa,Ontario
298,0c5c5e8f-eeb7-4ba3-ba09-2e3a62b152bb,2019-02-28,2,18129209,44,0.045454545,Ottawa,Ontario
130,16ac7c83-6f69-4683-b2e5-be67827c1c0f,2019-02-18,2,18046246,53,0.037735849,Saguenay,Quebec
220,16ac7c83-6f69-4683-b2e5-be67827c1c0f,2019-02-21,1,18046246,53,0.018867925,Saguenay,Quebec
221,16ac7c83-6f69-4683-b2e5-be67827c1c0f,2019-02-22,1,18046246,53,0.018867925,Saguenay,Quebec
357,1ac2f41d-8ebe-4452-a302-a2a54a4fb9a4,2019-03-08,1,18129211,55,0.018000000000000002,Mississauga,Ontario
195,1b4e620c-6c96-42ed-aab1-63e3409a5de5,2019-02-25,5,18129211,55,0.091,Mississauga,Ontario
293,1b4e620c-6c96-42ed-aab1-63e3409a5de5,2019-02-26,1,18129211,55,0.018000000000000002,Mississauga,Ontario
295,1b4e620c-6c96-42ed-aab1-63e3409a5de5,2019-02-28,2,18129211,55,0.036000000000000004,Mississauga,Ontario
138,1d00beaf-16c0-43ea-88c5-34e773c1392d,2019-02-21,1,18051404,58,0.017241378999999998,Chilliwack,British Columbia
234,1d00beaf-16c0-43ea-88c5-34e773c1392d,2019-02-26,3,18051404,58,0.051724137999999996,Chilliwack,British Columbia
344,1d00beaf-16c0-43ea-88c5-34e773c1392d,2019-02-27,2,18051404,58,0.034482759,Chilliwack,British Columbia
345,1d00beaf-16c0-43ea-88c5-34e773c1392d,2019-02-27,3,18051404,58,0.051724137999999996,Chilliwack,British Columbia
346,1d00beaf-16c0-43ea-88c5-34e773c1392d,2019-02-28,2,18051404,58,0.034482759,Chilliwack,British Columbia
202,1efe5190-e5c9-4af5-b01b-c4f26b18483b,2019-02-20,7,17129149,49,0.14285714300000002,Thornhill,Ontario
205,1efe5190-e5c9-4af5-b01b-c4f26b18483b,2019-02-21,8,17129149,49,0.163265306,Thornhill,Ontario
2,1f129390-03f2-429b-abc6-66cfee9bf519,2019-01-16,1,18047344,47,0.021276596000000002,Florenceville-Bristol,New Brunswick
50,1f129390-03f2-429b-abc6-66cfee9bf519,2019-01-25,7,18047344,47,0.14893617,Florenceville-Bristol,New Brunswick
56,1f129390-03f2-429b-abc6-66cfee9bf519,2019-01-30,1,18047344,47,0.021276596000000002,Florenceville-Bristol,New Brunswick
59,1f129390-03f2-429b-abc6-66cfee9bf519,2019-01-31,2,18047344,47,0.042553191,Florenceville-Bristol,New Brunswick
136,1f129390-03f2-429b-abc6-66cfee9bf519,2019-02-21,2,18047344,47,0.042553191,Florenceville-Bristol,New Brunswick
104,1fb1e547-c62b-4e89-82bb-1e4c45e9d9f5,2019-02-02,2,17072232,46,0.043478261,Port Hardy,British Columbia
107,1fb1e547-c62b-4e89-82bb-1e4c45e9d9f5,2019-02-07,1,17072232,46,0.02173913,Port Hardy,British Columbia
109,1fb1e547-c62b-4e89-82bb-1e4c45e9d9f5,2019-02-12,5,17072232,46,0.10869565199999999,Port Hardy,British Columbia
110,1fb1e547-c62b-4e89-82bb-1e4c45e9d9f5,2019-02-13,1,17072232,46,0.02173913,Port Hardy,British Columbia
111,1fb1e547-c62b-4e89-82bb-1e4c45e9d9f5,2019-02-14,1,17072232,46,0.02173913,Port Hardy,British Columbia
151,1fb1e547-c62b-4e89-82bb-1e4c45e9d9f5,2019-02-20,1,17072232,46,0.02173913,Port Hardy,British Columbia
152,1fb1e547-c62b-4e89-82bb-1e4c45e9d9f5,2019-02-21,1,17072232,46,0.02173913,Port Hardy,British Columbia
656,1fb1e547-c62b-4e89-82bb-1e4c45e9d9f5,2019-04-04,1,18051506,46,0.02173913,Port Hardy,British Columbia
657,1fb1e547-c62b-4e89-82bb-1e4c45e9d9f5,2019-04-05,1,18051506,46,0.02173913,Port Hardy,British Columbia
658,1fb1e547-c62b-4e89-82bb-1e4c45e9d9f5,2019-04-08,4,18051506,46,0.086956522,Port Hardy,British Columbia
660,1fb1e547-c62b-4e89-82bb-1e4c45e9d9f5,2019-04-10,1,18051506,46,0.02173913,Port Hardy,British Columbia
661,1fb1e547-c62b-4e89-82bb-1e4c45e9d9f5,2019-04-11,1,18051506,46,0.02173913,Port Hardy,British Columbia
663,1fb1e547-c62b-4e89-82bb-1e4c45e9d9f5,2019-04-15,2,18051506,46,0.043478261,Port Hardy,British Columbia
665,1fb1e547-c62b-4e89-82bb-1e4c45e9d9f5,2019-04-17,2,18051506,46,0.043478261,Port Hardy,British Columbia
471,27483cd4-ea09-420f-83b2-09f75f2e02e9,2019-02-21,1,17170137,67,0.014925,Stouffville,Ontario
470,27483cd4-ea09-420f-83b2-09f75f2e02e9,2019-02-21,3,18129245,55,0.054545455,Stouffville,Ontario
472,27483cd4-ea09-420f-83b2-09f75f2e02e9,2019-02-22,2,18129245,55,0.036363636,Stouffville,Ontario
474,27483cd4-ea09-420f-83b2-09f75f2e02e9,2019-02-23,2,17170137,67,0.02985,Stouffville,Ontario
475,27483cd4-ea09-420f-83b2-09f75f2e02e9,2019-02-24,2,17170137,67,0.02985,Stouffville,Ontario
477,27483cd4-ea09-420f-83b2-09f75f2e02e9,2019-02-25,1,18129245,55,0.018181818,Stouffville,Ontario
476,27483cd4-ea09-420f-83b2-09f75f2e02e9,2019-02-26,1,17170137,67,0.014925,Stouffville,Ontario
478,27483cd4-ea09-420f-83b2-09f75f2e02e9,2019-02-27,2,18129245,55,0.036363636,Stouffville,Ontario
479,27483cd4-ea09-420f-83b2-09f75f2e02e9,2019-02-28,1,18129245,55,0.018181818,Stouffville,Ontario
480,27483cd4-ea09-420f-83b2-09f75f2e02e9,2019-03-04,1,18129245,55,0.018181818,Stouffville,Ontario
481,27483cd4-ea09-420f-83b2-09f75f2e02e9,2019-03-06,3,18129245,55,0.054545455,Stouffville,Ontario
482,27483cd4-ea09-420f-83b2-09f75f2e02e9,2019-03-20,1,18129245,55,0.018181818,Stouffville,Ontario
483,27483cd4-ea09-420f-83b2-09f75f2e02e9,2019-04-22,2,18129245,55,0.036363636,Stouffville,Ontario
154,2e8106c0-d481-446b-bbbb-c32740eef411,2019-02-22,1,18051554,47,0.021276596000000002,Longueuil,Quebec
176,2e8106c0-d481-446b-bbbb-c32740eef411,2019-02-24,1,18051554,47,0.021276596000000002,Longueuil,Quebec
413,306cd52f-3cb5-4ac9-b5e5-f92371c34ba2,2019-03-19,1,18046241,48,0.02083333,Ottawa,Ontario
484,306cd52f-3cb5-4ac9-b5e5-f92371c34ba2,2019-04-02,1,18046241,48,0.0208333,Ottawa,Ontario
580,306cd52f-3cb5-4ac9-b5e5-f92371c34ba2,2019-04-16,2,18046241,48,0.0416666,Ottawa,Ontario
63,3327c487-1873-40a5-81eb-ebf0c4296959,2019-01-22,2,17072232,46,0.043478261,Port Hardy,British Columbia
64,3327c487-1873-40a5-81eb-ebf0c4296959,2019-01-23,1,17072232,46,0.02173913,Port Hardy,British Columbia
65,3327c487-1873-40a5-81eb-ebf0c4296959,2019-01-24,2,17072232,46,0.043478261,Port Hardy,British Columbia
66,3327c487-1873-40a5-81eb-ebf0c4296959,2019-01-25,2,17072232,46,0.043478261,Port Hardy,British Columbia
69,3327c487-1873-40a5-81eb-ebf0c4296959,2019-01-31,1,17072232,46,0.02173913,Port Hardy,British Columbia
70,3327c487-1873-40a5-81eb-ebf0c4296959,2019-02-01,4,17072232,46,0.086956522,Port Hardy,British Columbia
666,3327c487-1873-40a5-81eb-ebf0c4296959,2019-04-23,1,18051506,46,0.02173913,Port Hardy,British Columbia
667,3327c487-1873-40a5-81eb-ebf0c4296959,2019-04-24,11,18051506,46,0.239130435,Port Hardy,British Columbia
668,3327c487-1873-40a5-81eb-ebf0c4296959,2019-04-25,1,18051506,46,0.02173913,Port Hardy,British Columbia
669,3327c487-1873-40a5-81eb-ebf0c4296959,2019-04-26,2,18051506,46,0.043478261,Port Hardy,British Columbia
670,3327c487-1873-40a5-81eb-ebf0c4296959,2019-04-29,2,18051506,46,0.043478261,Port Hardy,British Columbia
671,3327c487-1873-40a5-81eb-ebf0c4296959,2019-04-30,1,18051506,46,0.02173913,Port Hardy,British Columbia
672,3327c487-1873-40a5-81eb-ebf0c4296959,2019-05-01,1,18051506,46,0.02173913,Port Hardy,British Columbia
673,3327c487-1873-40a5-81eb-ebf0c4296959,2019-05-02,2,18051506,46,0.043478261,Port Hardy,British Columbia
674,3327c487-1873-40a5-81eb-ebf0c4296959,2019-05-06,1,18051506,46,0.02173913,Port Hardy,British Columbia
675,3327c487-1873-40a5-81eb-ebf0c4296959,2019-05-07,2,18051506,46,0.043478261,Port Hardy,British Columbia
677,3327c487-1873-40a5-81eb-ebf0c4296959,2019-05-09,1,18051506,46,0.02173913,Port Hardy,British Columbia
602,3a14d714-55c7-4dab-897e-92adf6d0dcf9,2019-04-18,3,17129205,49,0.0612,Markham,Ontario
603,3a14d714-55c7-4dab-897e-92adf6d0dcf9,2019-04-23,9,17129205,49,0.1837,Markham,Ontario
617,3a14d714-55c7-4dab-897e-92adf6d0dcf9,2019-04-24,6,17129205,49,0.122,Markham,Ontario
618,3a14d714-55c7-4dab-897e-92adf6d0dcf9,2019-04-26,7,17129205,49,0.14300000000000002,Markham,Ontario
619,3a14d714-55c7-4dab-897e-92adf6d0dcf9,2019-04-29,6,17129205,49,0.122,Markham,Ontario
213,3a81f8f1-0ebf-4d14-9e5c-5d03cd8e9682,2019-02-19,1,18051544,55,0.018181818,Montreal,Quebec
215,3a81f8f1-0ebf-4d14-9e5c-5d03cd8e9682,2019-02-21,1,18051544,55,0.018181818,Montreal,Quebec
216,3a81f8f1-0ebf-4d14-9e5c-5d03cd8e9682,2019-02-22,1,18051544,55,0.018181818,Montreal,Quebec
408,3c60c77a-a9f5-4e56-a425-e3c187faf59e,2019-03-21,9,18046221,53,0.16,Montreal,Quebec
22,3c60c77a-a9f5-4e56-a425-e3c187faf59e,2019-03-25,12,18046221,53,0.22,Montreal,Quebec
99,3c60c77a-a9f5-4e56-a425-e3c187faf59e,2019-03-27,13,18046221,53,0.24,Montreal,Quebec
140,3c60c77a-a9f5-4e56-a425-e3c187faf59e,2019-03-28,13,18046221,53,0.24,Montreal,Quebec
182,3c60c77a-a9f5-4e56-a425-e3c187faf59e,2019-03-29,13,18046221,53,0.24,Montreal,Quebec
185,3c60c77a-a9f5-4e56-a425-e3c187faf59e,2019-04-01,14,18046221,53,0.26,Montreal,Quebec
269,3c60c77a-a9f5-4e56-a425-e3c187faf59e,2019-04-02,14,18046221,53,0.26,Montreal,Quebec
270,3c60c77a-a9f5-4e56-a425-e3c187faf59e,2019-04-03,15,18046221,53,0.28,Montreal,Quebec
273,3c60c77a-a9f5-4e56-a425-e3c187faf59e,2019-04-04,14,18046221,53,0.26,Montreal,Quebec
296,3c60c77a-a9f5-4e56-a425-e3c187faf59e,2019-04-08,15,18046221,53,0.28,Montreal,Quebec
305,3c60c77a-a9f5-4e56-a425-e3c187faf59e,2019-04-09,16,18046221,53,0.3,Montreal,Quebec
351,3c60c77a-a9f5-4e56-a425-e3c187faf59e,2019-04-10,16,18046221,53,0.3,Montreal,Quebec
422,3c60c77a-a9f5-4e56-a425-e3c187faf59e,2019-04-11,15,18046221,53,0.28,Montreal,Quebec
444,3c60c77a-a9f5-4e56-a425-e3c187faf59e,2019-04-12,16,18046221,53,0.3,Montreal,Quebec
451,3c60c77a-a9f5-4e56-a425-e3c187faf59e,2019-04-15,16,18046221,53,0.3,Montreal,Quebec
458,3c60c77a-a9f5-4e56-a425-e3c187faf59e,2019-04-16,15,18046221,53,0.28,Montreal,Quebec
524,3c60c77a-a9f5-4e56-a425-e3c187faf59e,2019-04-17,15,18046221,53,0.28,Montreal,Quebec
547,3c60c77a-a9f5-4e56-a425-e3c187faf59e,2019-04-26,23,18046221,53,0.43,Montreal,Quebec
697,46a5c76c-1cd9-477a-aca0-fe6c8de69284,2019-01-29,3,18130340,44,0.068182,Kelowna,British Columbia
160,4a18ec7e-d7a8-4cd0-8d1d-8f02893c05ad,2019-02-22,1,18129243,51,0.02,Ottawa,Ontario
174,4a18ec7e-d7a8-4cd0-8d1d-8f02893c05ad,2019-02-23,2,18129243,51,0.04,Ottawa,Ontario
210,4a18ec7e-d7a8-4cd0-8d1d-8f02893c05ad,2019-02-24,1,18129243,51,0.02,Ottawa,Ontario
211,4a18ec7e-d7a8-4cd0-8d1d-8f02893c05ad,2019-02-26,1,18129243,51,0.02,Ottawa,Ontario
283,4a18ec7e-d7a8-4cd0-8d1d-8f02893c05ad,2019-02-27,2,18129243,51,0.04,Ottawa,Ontario
145,4cbad0d3-9069-474f-93ad-0582c6930118,2019-02-18,3,18129115,49,0.06122449,Port Dover,Ontario
146,4cbad0d3-9069-474f-93ad-0582c6930118,2019-02-19,4,18129115,49,0.081632653,Port Dover,Ontario
147,4cbad0d3-9069-474f-93ad-0582c6930118,2019-02-20,3,18129115,49,0.06122449,Port Dover,Ontario
148,4cbad0d3-9069-474f-93ad-0582c6930118,2019-02-21,6,18129115,49,0.12244898,Port Dover,Ontario
180,4cbad0d3-9069-474f-93ad-0582c6930118,2019-02-22,3,18129115,49,0.06122449,Port Dover,Ontario
181,4cbad0d3-9069-474f-93ad-0582c6930118,2019-02-23,1,18129115,49,0.020408163,Port Dover,Ontario
718,4cbad0d3-9069-474f-93ad-0582c6930118,2019-02-24,16,18129115,49,0.326531,Port Dover,Ontario
92,4ea0356b-8ca6-4493-912a-866f9ff95eeb,2019-02-19,1,18130212,49,0.020408163,East Angus,Quebec
119,4ea0356b-8ca6-4493-912a-866f9ff95eeb,2019-02-20,2,18130212,49,0.040816327,East Angus,Quebec
197,4ea0356b-8ca6-4493-912a-866f9ff95eeb,2019-02-22,3,18130212,49,0.06122449,East Angus,Quebec
393,4ea0356b-8ca6-4493-912a-866f9ff95eeb,2019-02-23,1,18130212,49,0.020408163,East Angus,Quebec
412,4f2d7442-d915-4040-ac04-d43462aac4e8,2019-03-21,2,18046241,48,0.04166667,Ottawa,Ontario
459,4f2d7442-d915-4040-ac04-d43462aac4e8,2019-03-28,1,18046241,48,0.02083333,Ottawa,Ontario
101,51d30129-a05c-4cf8-bc1e-4410c6257e0c,2019-02-19,3,18051351,56,0.053571429000000004,Whitecourt,Alberta
172,51d30129-a05c-4cf8-bc1e-4410c6257e0c,2019-02-23,1,18051351,56,0.017857143,Whitecourt,Alberta
246,51d30129-a05c-4cf8-bc1e-4410c6257e0c,2019-02-26,1,18051351,56,0.0179,Whitecourt,Alberta
497,5439cc11-1709-44a8-bdd6-ad7d16dced39,2019-04-03,4,18046241,48,0.08333330000000001,Ottawa,Ontario
93,56389f81-1962-4add-9138-c292f7e5a132,2019-02-19,1,18130212,49,0.020408163,East Angus,Quebec
715,5835cc3e-f112-498b-a1ae-e546aa138c0c,2019-02-19,3,1805135,50,0.06,Lindsay,Ontario
348,5a5e5c22-4a36-476d-b442-6d750f831c76,2019-03-06,3,18051323,49,0.061,Kleinburg,Ontario
714,5a5e5c22-4a36-476d-b442-6d750f831c76,2019-03-07,3,18051323,49,0.061,Kleinburg,Ontario
405,5a5e5c22-4a36-476d-b442-6d750f831c76,2019-03-20,3,18051323,49,0.061,Kleinburg,Ontario
414,5a5e5c22-4a36-476d-b442-6d750f831c76,2019-03-21,3,18051323,49,0.061,Kleinburg,Ontario
441,5a5e5c22-4a36-476d-b442-6d750f831c76,2019-03-27,4,18051323,49,0.081,Kleinburg,Ontario
460,5a5e5c22-4a36-476d-b442-6d750f831c76,2019-03-29,5,18051323,49,0.102,Kleinburg,Ontario
495,5a5e5c22-4a36-476d-b442-6d750f831c76,2019-04-03,5,18051323,49,0.1,Kleinburg,Ontario
555,5a5e5c22-4a36-476d-b442-6d750f831c76,2019-04-11,7,18051323,49,0.14,Kleinburg,Ontario
187,5e6065eb-1c77-43d9-8a9b-330542ec6361,2019-02-20,7,18129260,54,0.12962963,Grand Falls-Windsor,Newfoundland and Labrador
188,5e6065eb-1c77-43d9-8a9b-330542ec6361,2019-02-22,5,18129260,54,0.092592593,Grand Falls-Windsor,Newfoundland and Labrador
189,5e6065eb-1c77-43d9-8a9b-330542ec6361,2019-02-23,1,18129260,54,0.018518519,Grand Falls-Windsor,Newfoundland and Labrador
190,5e6065eb-1c77-43d9-8a9b-330542ec6361,2019-02-24,2,18129260,54,0.037037037,Grand Falls-Windsor,Newfoundland and Labrador
6,5f93d214-802f-415b-8551-862e28c19789,2019-01-16,1,18046220,53,0.018867925,Salmon Arm,British Columbia
8,5f93d214-802f-415b-8551-862e28c19789,2019-01-18,1,18046220,53,0.018867925,Salmon Arm,British Columbia
16,5f93d214-802f-415b-8551-862e28c19789,2019-01-19,2,18046220,53,0.037735849,Salmon Arm,British Columbia
17,5f93d214-802f-415b-8551-862e28c19789,2019-01-20,1,18046220,53,0.018867925,Salmon Arm,British Columbia
20,5f93d214-802f-415b-8551-862e28c19789,2019-01-21,2,18046220,53,0.037735849,Salmon Arm,British Columbia
23,5f93d214-802f-415b-8551-862e28c19789,2019-01-22,1,18046220,53,0.018867925,Salmon Arm,British Columbia
42,5f93d214-802f-415b-8551-862e28c19789,2019-01-23,1,18046220,53,0.018867925,Salmon Arm,British Columbia
43,5f93d214-802f-415b-8551-862e28c19789,2019-01-24,1,18046220,53,0.018867925,Salmon Arm,British Columbia
51,5f93d214-802f-415b-8551-862e28c19789,2019-01-25,3,18046220,53,0.056603774,Salmon Arm,British Columbia
55,5f93d214-802f-415b-8551-862e28c19789,2019-01-29,2,18046220,53,0.037735849,Salmon Arm,British Columbia
60,5f93d214-802f-415b-8551-862e28c19789,2019-01-31,9,18046220,53,0.16981132100000002,Salmon Arm,British Columbia
71,5f93d214-802f-415b-8551-862e28c19789,2019-02-01,5,18046220,53,0.09433962300000001,Salmon Arm,British Columbia
77,5f93d214-802f-415b-8551-862e28c19789,2019-02-05,3,18046220,53,0.056603774,Salmon Arm,British Columbia
81,5f93d214-802f-415b-8551-862e28c19789,2019-02-07,3,18046220,53,0.056603774,Salmon Arm,British Columbia
485,627d6cf1-94ac-4e77-8b6f-7f7b752ab12f,2019-04-01,2,18046241,48,0.04166667,Ottawa,Ontario
522,627d6cf1-94ac-4e77-8b6f-7f7b752ab12f,2019-04-08,3,18046241,48,0.0625,Ottawa,Ontario
570,627d6cf1-94ac-4e77-8b6f-7f7b752ab12f,2019-04-15,4,18046241,48,0.083333,Ottawa,Ontario
453,62d94657-543d-4f1c-af6c-61baa49e9d24,2019-03-19,1,18051220,59,0.017,Newmarket,Ontario
454,62d94657-543d-4f1c-af6c-61baa49e9d24,2019-03-20,1,18051220,59,0.017,Newmarket,Ontario
455,62d94657-543d-4f1c-af6c-61baa49e9d24,2019-03-21,2,18051220,59,0.034,Newmarket,Ontario
456,62d94657-543d-4f1c-af6c-61baa49e9d24,2019-03-22,2,18051220,59,0.034,Newmarket,Ontario
457,62d94657-543d-4f1c-af6c-61baa49e9d24,2019-03-25,3,18051220,59,0.051,Newmarket,Ontario
120,63579a04-e81b-4dfe-93e7-8d1ce3131de4,2019-02-20,6,18051415,54,0.111111111,Channel-Port Aux Basques,Newfoundland and Labrador
141,63579a04-e81b-4dfe-93e7-8d1ce3131de4,2019-02-21,2,18051415,54,0.037037037,Channel-Port Aux Basques,Newfoundland and Labrador
721,63579a04-e81b-4dfe-93e7-8d1ce3131de4,2019-02-23,17,18051415,54,0.314815,Channel-Port Aux Basques,Newfoundland and Labrador
304,63579a04-e81b-4dfe-93e7-8d1ce3131de4,2019-02-24,3,18051415,54,0.0555,Channel-Port Aux Basques,Newfoundland and Labrador
307,63579a04-e81b-4dfe-93e7-8d1ce3131de4,2019-02-26,3,18051415,54,0.0556,Channel-Port Aux Basques,Newfoundland and Labrador
308,63579a04-e81b-4dfe-93e7-8d1ce3131de4,2019-02-28,3,18051415,54,0.0556,Channel-Port Aux Basques,Newfoundland and Labrador
709,63b3d36f-e7fc-42d5-8218-824b28773191,2019-02-23,1,18130409,52,0.019231,Guelph,Ontario
710,63b3d36f-e7fc-42d5-8218-824b28773191,2019-02-24,1,18130409,52,0.019231,Guelph,Ontario
156,6648c712-0630-4539-af6d-f59cd463ae54,2019-02-22,1,18051554,47,0.021276596000000002,Longueuil,Quebec
178,6648c712-0630-4539-af6d-f59cd463ae54,2019-02-24,1,18051554,47,0.021276596000000002,Longueuil,Quebec
18,67837e41-158f-4f50-b569-b342e84d1233,2019-01-18,2,18129240,55,0.036363636,Amqui,Quebec
502,67837e41-158f-4f50-b569-b342e84d1233,2019-01-24,3,18129240,55,0.054545,Amqui,Quebec
503,67837e41-158f-4f50-b569-b342e84d1233,2019-01-26,2,18129240,55,0.03636,Amqui,Quebec
505,67837e41-158f-4f50-b569-b342e84d1233,2019-01-30,1,18129240,55,0.01818,Amqui,Quebec
589,67837e41-158f-4f50-b569-b342e84d1233,2019-04-06,2,18129240,55,0.03636,Amqui,Quebec
590,67837e41-158f-4f50-b569-b342e84d1233,2019-04-08,1,18129240,55,0.01818,Amqui,Quebec
591,67837e41-158f-4f50-b569-b342e84d1233,2019-04-10,3,18129240,55,0.054545,Amqui,Quebec
592,67837e41-158f-4f50-b569-b342e84d1233,2019-04-14,2,18129240,55,0.03636,Amqui,Quebec
594,67837e41-158f-4f50-b569-b342e84d1233,2019-04-17,1,18129240,55,0.01818,Amqui,Quebec
85,68021439-904b-4d53-b98c-5b40687f5d00,2019-02-13,1,17072241,53,0.018867925,Innisfail,Alberta
89,68021439-904b-4d53-b98c-5b40687f5d00,2019-02-14,2,17072241,53,0.037735849,Innisfail,Alberta
320,68021439-904b-4d53-b98c-5b40687f5d00,2019-02-26,1,17072241,53,0.018867925,Innisfail,Alberta
512,6b3c9938-f2bd-4319-bc2b-536731c81389,2019-02-20,1,18046238,52,0.019230768999999998,St-Jean-sur-Richelieu,Quebec
513,6b3c9938-f2bd-4319-bc2b-536731c81389,2019-02-22,1,18046238,52,0.019230768999999998,St-Jean-sur-Richelieu,Quebec
514,6b3c9938-f2bd-4319-bc2b-536731c81389,2019-02-26,10,18046238,52,0.192307692,St-Jean-sur-Richelieu,Quebec
516,6b3c9938-f2bd-4319-bc2b-536731c81389,2019-03-01,1,18046238,52,0.019230768999999998,St-Jean-sur-Richelieu,Quebec
518,6b3c9938-f2bd-4319-bc2b-536731c81389,2019-03-13,2,18046238,52,0.038461538999999996,St-Jean-sur-Richelieu,Quebec
278,6c107aaf-de6a-404a-9864-a8a708a852e4,2019-02-22,2,18130424,52,0.038461537999999997,Brampton,Ontario
280,6c107aaf-de6a-404a-9864-a8a708a852e4,2019-02-22,2,18130424,52,0.038461537999999997,Brampton,Ontario
281,6c107aaf-de6a-404a-9864-a8a708a852e4,2019-02-27,3,18130424,52,0.057692308,Brampton,Ontario
321,6c107aaf-de6a-404a-9864-a8a708a852e4,2019-03-01,2,18130424,52,0.03846,Brampton,Ontario
179,6c36af52-dc30-4adf-8210-d9d36caa017d,2019-02-24,2,18051445,43,0.046511628,Montreal,Quebec
368,6c3c96f6-c3c2-45ab-8c63-ceb6855ed5b8,2019-02-25,3,17072232,46,0.065217391,Port Hardy,British Columbia
369,6c3c96f6-c3c2-45ab-8c63-ceb6855ed5b8,2019-02-26,1,17072232,46,0.02173913,Port Hardy,British Columbia
370,6c3c96f6-c3c2-45ab-8c63-ceb6855ed5b8,2019-02-27,3,17072232,46,0.065217391,Port Hardy,British Columbia
372,6c3c96f6-c3c2-45ab-8c63-ceb6855ed5b8,2019-03-01,1,17072232,46,0.02173913,Port Hardy,British Columbia
373,6c3c96f6-c3c2-45ab-8c63-ceb6855ed5b8,2019-03-04,1,17072232,46,0.02173913,Port Hardy,British Columbia
374,6c3c96f6-c3c2-45ab-8c63-ceb6855ed5b8,2019-03-05,2,17072232,46,0.043478261,Port Hardy,British Columbia
678,6c3c96f6-c3c2-45ab-8c63-ceb6855ed5b8,2019-05-13,1,18051506,46,0.02173913,Port Hardy,British Columbia
680,6c3c96f6-c3c2-45ab-8c63-ceb6855ed5b8,2019-05-15,3,18051506,46,0.065217391,Port Hardy,British Columbia
681,6c3c96f6-c3c2-45ab-8c63-ceb6855ed5b8,2019-05-16,3,18051506,46,0.065217391,Port Hardy,British Columbia
684,6c3c96f6-c3c2-45ab-8c63-ceb6855ed5b8,2019-05-23,1,18051506,46,0.02173913,Port Hardy,British Columbia
685,6c3c96f6-c3c2-45ab-8c63-ceb6855ed5b8,2019-05-24,3,18051506,46,0.065217391,Port Hardy,British Columbia
95,6fc011b2-4310-4244-bd9a-c3e4aef54e64,2019-02-19,1,18130212,49,0.020408163,East Angus,Quebec
287,70aa09eb-f08d-4946-b502-3c623c9c6b2b,2019-02-23,1,17170304,56,0.0178,Winnipeg,Manitoba
288,70aa09eb-f08d-4946-b502-3c623c9c6b2b,2019-02-24,1,17170304,56,0.0178,Winnipeg,Manitoba
289,70aa09eb-f08d-4946-b502-3c623c9c6b2b,2019-02-25,1,17170304,56,0.0178,Winnipeg,Manitoba
290,70aa09eb-f08d-4946-b502-3c623c9c6b2b,2019-02-26,2,17170304,56,0.0357,Winnipeg,Manitoba
581,715c3737-b434-4cf3-9da8-4b3f54ff054c,2019-04-17,1,18130124,53,0.018867925,Sainte-Catherine-de-la-Jacques-Cartier,Quebec
316,7740d6e5-3551-4384-a304-38dcc4033825,2019-03-01,1,17129123,46,0.021,Saint-Jerome,Quebec
267,77441e8f-6665-41b3-bcc5-15e6ee310d6b,2019-02-22,1,18047235,42,0.02380952,Headingley,Manitoba
272,77441e8f-6665-41b3-bcc5-15e6ee310d6b,2019-02-25,2,18047235,42,0.04761905,Headingley,Manitoba
717,77441e8f-6665-41b3-bcc5-15e6ee310d6b,2019-02-26,1,18047235,42,0.02380952,Headingley,Manitoba
153,7cda7462-6d8d-439c-b482-5bd6d768352a,2019-02-21,2,18129247,53,0.037735849,Calgary,Alberta
183,7cda7462-6d8d-439c-b482-5bd6d768352a,2019-02-22,2,18129247,53,0.037735849,Calgary,Alberta
184,7cda7462-6d8d-439c-b482-5bd6d768352a,2019-02-23,5,18129247,53,0.09433962300000001,Calgary,Alberta
186,7cda7462-6d8d-439c-b482-5bd6d768352a,2019-02-24,6,18129247,53,0.11320754699999999,Calgary,Alberta
274,7cda7462-6d8d-439c-b482-5bd6d768352a,2019-02-25,1,18129247,53,0.018867925,Calgary,Alberta
275,7cda7462-6d8d-439c-b482-5bd6d768352a,2019-02-26,1,18129247,53,0.018867925,Calgary,Alberta
318,7cda7462-6d8d-439c-b482-5bd6d768352a,2019-02-28,2,18129247,53,0.03773585,Calgary,Alberta
319,7cda7462-6d8d-439c-b482-5bd6d768352a,2019-03-01,2,18129247,53,0.03773585,Calgary,Alberta
378,7cda7462-6d8d-439c-b482-5bd6d768352a,2019-03-13,2,18129247,53,0.03773585,Calgary,Alberta
382,7cda7462-6d8d-439c-b482-5bd6d768352a,2019-03-17,1,18129247,53,0.018867925,Calgary,Alberta
394,7cda7462-6d8d-439c-b482-5bd6d768352a,2019-03-18,1,18129247,53,0.01886792,Calgary,Alberta
428,7cda7462-6d8d-439c-b482-5bd6d768352a,2019-03-24,6,18129247,53,0.11320755,Calgary,Alberta
429,7cda7462-6d8d-439c-b482-5bd6d768352a,2019-03-25,3,18129247,53,0.05660377,Calgary,Alberta
430,7cda7462-6d8d-439c-b482-5bd6d768352a,2019-03-26,4,18129247,53,0.0754717,Calgary,Alberta
486,7cda7462-6d8d-439c-b482-5bd6d768352a,2019-04-01,1,18129247,53,0.018867923999999998,Calgary,Alberta
579,7cda7462-6d8d-439c-b482-5bd6d768352a,2019-04-15,4,18129247,53,0.075471698,Calgary,Alberta
173,807d5dcd-3485-4f3c-87e4-ae51dd391dd6,2019-02-20,3,18130311,52,0.057692308,Calgary,Alberta
0,8163f602-9db5-4c01-9045-d7d997315c82,2018-12-18,3,18051217,44,0.068,London,Ontario
7,8163f602-9db5-4c01-9045-d7d997315c82,2019-01-17,2,18129251,41,0.049,London,Ontario
13,8163f602-9db5-4c01-9045-d7d997315c82,2019-01-18,1,18129251,41,0.024,London,Ontario
14,8163f602-9db5-4c01-9045-d7d997315c82,2019-01-19,2,18129251,41,0.049,London,Ontario
15,8163f602-9db5-4c01-9045-d7d997315c82,2019-01-20,1,18129251,44,0.024,London,Ontario
12,8163f602-9db5-4c01-9045-d7d997315c82,2019-01-21,3,18129251,41,0.073,London,Ontario
397,8163f602-9db5-4c01-9045-d7d997315c82,2019-03-20,2,18129251,41,0.049,London,Ontario
399,8163f602-9db5-4c01-9045-d7d997315c82,2019-03-20,2,18129251,41,0.049,London,Ontario
317,81cbc647-8732-4a8c-95d0-f536ac37c626,2019-03-01,1,17129123,46,0.021,Saint-Jerome,Quebec
122,849d5554-9ed3-40da-8365-83c8a0c93a0f,2019-02-20,1,18051442,61,0.016393443,Deep River,Ontario
142,849d5554-9ed3-40da-8365-83c8a0c93a0f,2019-02-21,1,18051442,61,0.016393400000000002,Deep River,Ontario
161,849d5554-9ed3-40da-8365-83c8a0c93a0f,2019-02-22,2,18051442,61,0.032786800000000005,Deep River,Ontario
196,849d5554-9ed3-40da-8365-83c8a0c93a0f,2019-02-25,5,18051442,61,0.0819672,Deep River,Ontario
233,849d5554-9ed3-40da-8365-83c8a0c93a0f,2019-02-26,7,18051442,61,0.114754,Deep River,Ontario
383,89d487a5-bd45-45b6-8118-13953c307150,2019-02-19,1,17170216,51,0.0196078,Belleville,Ontario
384,89d487a5-bd45-45b6-8118-13953c307150,2019-02-20,3,17170216,51,0.0588235,Belleville,Ontario
385,89d487a5-bd45-45b6-8118-13953c307150,2019-02-21,1,17170216,51,0.0196078,Belleville,Ontario
387,89d487a5-bd45-45b6-8118-13953c307150,2019-02-24,1,17170216,51,0.0196078,Belleville,Ontario
389,89d487a5-bd45-45b6-8118-13953c307150,2019-02-25,1,17170216,51,0.0196078,Belleville,Ontario
388,89d487a5-bd45-45b6-8118-13953c307150,2019-02-26,1,17170216,51,0.0196078,Belleville,Ontario
390,89d487a5-bd45-45b6-8118-13953c307150,2019-02-27,2,17170216,51,0.0392156,Belleville,Ontario
392,89d487a5-bd45-45b6-8118-13953c307150,2019-03-01,1,17170216,51,0.0196078,Belleville,Ontario
311,92f09f90-a005-4db9-9e3d-5fa148ac56a5,2019-02-28,4,18051536,67,0.0597,Terrace Bay,Ontario
462,92f09f90-a005-4db9-9e3d-5fa148ac56a5,2019-03-21,2,18051536,67,0.0299,Terrace Bay,Ontario
464,92f09f90-a005-4db9-9e3d-5fa148ac56a5,2019-03-22,2,18051536,67,0.0299,Terrace Bay,Ontario
466,92f09f90-a005-4db9-9e3d-5fa148ac56a5,2019-03-24,1,18051536,67,0.0149,Terrace Bay,Ontario
468,92f09f90-a005-4db9-9e3d-5fa148ac56a5,2019-03-28,2,18051536,67,0.0299,Terrace Bay,Ontario
469,92f09f90-a005-4db9-9e3d-5fa148ac56a5,2019-03-29,3,18051536,67,0.0448,Terrace Bay,Ontario
62,9519ed75-8806-4bad-a906-40e6bfc93cc7,2019-01-29,6,18051502,54,0.111111111,Sainte-Marie,Quebec
126,959484ae-c895-403a-83df-59404e44b9f6,2019-02-21,1,17170336,56,0.01785714,Petawawa,Ontario
157,959484ae-c895-403a-83df-59404e44b9f6,2019-02-22,1,17170336,56,0.01785714,Petawawa,Ontario
402,959484ae-c895-403a-83df-59404e44b9f6,2019-03-19,1,17170336,56,0.01785714,Petawawa,Ontario
403,959484ae-c895-403a-83df-59404e44b9f6,2019-03-20,2,17170336,56,0.03571429,Petawawa,Ontario
404,959484ae-c895-403a-83df-59404e44b9f6,2019-03-21,2,17170336,56,0.03571429,Petawawa,Ontario
415,959484ae-c895-403a-83df-59404e44b9f6,2019-03-22,1,17170336,56,0.01786,Petawawa,Ontario
567,96a7eb3b-bbb4-44f7-80ea-951ffc86b3ee,2019-03-14,14,18051528,48,0.291667,Lachine,Quebec
704,96a7eb3b-bbb4-44f7-80ea-951ffc86b3ee,2019-03-20,5,18051528,48,0.10416700000000001,Lachine,Quebec
498,96a7eb3b-bbb4-44f7-80ea-951ffc86b3ee,2019-04-03,4,18051528,52,0.076923077,Montreal,Quebec
407,98cd0b54-8529-4545-a732-795e531f2f1c,2019-02-19,3,18129347,54,0.05,Toronto,Ontario
698,993ac4ae-4c22-4a0c-9ef4-b9c6aee0be2d,2019-02-21,2,17170303,47,0.042553,Ottawa (Cumberland),Ontario
699,993ac4ae-4c22-4a0c-9ef4-b9c6aee0be2d,2019-02-22,3,17170303,47,0.06383,Ottawa (Cumberland),Ontario
702,993ac4ae-4c22-4a0c-9ef4-b9c6aee0be2d,2019-02-23,2,17170303,47,0.042553,Ottawa (Cumberland),Ontario
700,993ac4ae-4c22-4a0c-9ef4-b9c6aee0be2d,2019-02-25,2,17170303,47,0.042553,Ottawa (Cumberland),Ontario
701,993ac4ae-4c22-4a0c-9ef4-b9c6aee0be2d,2019-02-26,3,17170303,47,0.06383,Ottawa (Cumberland),Ontario
343,99b2bc9a-81a8-40d1-af3c-2c7fd27dae2c,2019-03-06,3,18129309,54,0.06,Grimsby,Ontario
353,99b2bc9a-81a8-40d1-af3c-2c7fd27dae2c,2019-03-07,1,18129309,54,0.02,Grimsby,Ontario
361,99b2bc9a-81a8-40d1-af3c-2c7fd27dae2c,2019-03-09,1,18129309,54,0.02,Grimsby,Ontario
362,99b2bc9a-81a8-40d1-af3c-2c7fd27dae2c,2019-03-10,2,18129309,54,0.04,Richmond Hill,Ontario
431,99b2bc9a-81a8-40d1-af3c-2c7fd27dae2c,2019-03-26,1,18129309,54,0.02,Grimsby,Ontario
452,99b2bc9a-81a8-40d1-af3c-2c7fd27dae2c,2019-03-28,3,18129309,54,0.06,Grimsby,Ontario
86,9caaea99-7447-4fe6-9116-efa99147c123,2019-02-13,2,18130114,52,0.038461537999999997,Innisfail,Alberta
90,9caaea99-7447-4fe6-9116-efa99147c123,2019-02-15,2,18130114,52,0.038461537999999997,Innisfail,Alberta
143,9dde2b0e-a95b-4421-9c49-bca65602dc63,2019-02-21,1,18130228,48,0.020833333,Tsawwassen,British Columbia
291,9fb3bbf0-a43a-40b0-9c90-b60fcd63ce51,2019-02-20,3,18051346,68,0.04,Gloucester,Ontario
713,a055e33c-887f-4e89-a506-ceeb79adfc53,2018-12-18,3,18130148,44,0.068,London,Ontario
9,a055e33c-887f-4e89-a506-ceeb79adfc53,2019-01-19,2,18130148,42,0.047619048,London,Ontario
10,a055e33c-887f-4e89-a506-ceeb79adfc53,2019-01-20,6,18130148,42,0.14285714300000002,London,Ontario
27,a055e33c-887f-4e89-a506-ceeb79adfc53,2019-01-23,7,18130148,42,0.166666667,London,Ontario
52,a055e33c-887f-4e89-a506-ceeb79adfc53,2019-01-26,9,18130148,42,0.214285714,London,Ontario
719,a055e33c-887f-4e89-a506-ceeb79adfc53,2019-02-24,28,18130148,42,0.666667,London,Ontario
340,a80a5290-4bab-4317-a175-4d0a017ac54c,2019-03-05,3,18130311,52,0.057692308,Calgary,Alberta
28,aa67859e-3213-438f-8623-77dca6789a1d,2019-01-17,2,18047333,48,0.041666667000000004,LaSalle,Quebec
29,aa67859e-3213-438f-8623-77dca6789a1d,2019-01-19,1,18047333,48,0.020833333,LaSalle,Quebec
30,aa67859e-3213-438f-8623-77dca6789a1d,2019-01-20,1,18047333,48,0.020833333,LaSalle,Quebec
432,add8d275-7362-47d2-8a9e-3d9f2d310bab,2019-02-21,3,18129245,55,0.0545,Whitchurch-Stouffville,Ontario
433,add8d275-7362-47d2-8a9e-3d9f2d310bab,2019-02-22,2,18129245,55,0.0364,Whitchurch-Stouffville,Ontario
434,add8d275-7362-47d2-8a9e-3d9f2d310bab,2019-02-25,1,18129245,55,0.0182,Whitchurch-Stouffville,Ontario
435,add8d275-7362-47d2-8a9e-3d9f2d310bab,2019-02-27,2,18129245,55,0.0364,Whitchurch-Stouffville,Ontario
436,add8d275-7362-47d2-8a9e-3d9f2d310bab,2019-02-28,2,18129245,55,0.0364,Whitchurch-Stouffville,Ontario
437,add8d275-7362-47d2-8a9e-3d9f2d310bab,2019-03-04,1,18129245,55,0.0182,Whitchurch-Stouffville,Ontario
438,add8d275-7362-47d2-8a9e-3d9f2d310bab,2019-03-06,3,18129245,55,0.0545,Whitchurch-Stouffville,Ontario
439,add8d275-7362-47d2-8a9e-3d9f2d310bab,2019-03-20,1,18129245,55,0.018119999999999997,Whitchurch-Stouffville,Ontario
440,add8d275-7362-47d2-8a9e-3d9f2d310bab,2019-03-22,2,18129245,55,0.03634,Whitchurch-Stouffville,Ontario
279,af8ce2f7-8567-4534-bbf7-7b2892b535e0,2019-02-22,2,18130424,52,0.03846,Brampton,Ontario
282,af8ce2f7-8567-4534-bbf7-7b2892b535e0,2019-02-27,3,18130424,52,0.05769,Brampton,Ontario
322,af8ce2f7-8567-4534-bbf7-7b2892b535e0,2019-03-01,2,18130424,52,0.03846,Brampton,Ontario
76,b0d40d82-757c-46da-af44-e9306f2a3aea,2019-02-05,1,18046205,50,0.02,Sechelt,British Columbia
87,b0d40d82-757c-46da-af44-e9306f2a3aea,2019-02-14,5,18046205,50,0.1,Sechelt,British Columbia
102,b0d40d82-757c-46da-af44-e9306f2a3aea,2019-02-19,3,18046205,50,0.06,Sechelt,British Columbia
367,b0d40d82-757c-46da-af44-e9306f2a3aea,2019-03-12,2,18046205,50,0.04,Sechelt,British Columbia
533,b0d40d82-757c-46da-af44-e9306f2a3aea,2019-04-09,1,18046205,50,0.02,Sechelt,British Columbia
575,ba7cbb6f-bc3d-43f6-bdff-de28e8c058c0,2019-03-30,2,18051453,43,0.046511628,East Angus,Quebec
576,ba7cbb6f-bc3d-43f6-bdff-de28e8c058c0,2019-04-01,1,18051453,43,0.023255814,Sherbrooke,Quebec
578,ba7cbb6f-bc3d-43f6-bdff-de28e8c058c0,2019-04-08,1,18051453,43,0.023255814,Sherbrooke,Quebec
235,bab46cbd-34c0-4420-b1dc-5e6d035164d4,2019-02-20,6,18128312,52,0.1154,Dryden,Ontario
236,bab46cbd-34c0-4420-b1dc-5e6d035164d4,2019-02-21,5,18128312,52,0.0962,Dryden,Ontario
237,bab46cbd-34c0-4420-b1dc-5e6d035164d4,2019-02-22,7,18128312,52,0.1346,Dryden,Ontario
238,bab46cbd-34c0-4420-b1dc-5e6d035164d4,2019-02-25,7,18128312,52,0.1346,Dryden,Ontario
696,baf3b0d2-2854-435e-a691-f8ce6f8863e5,2019-01-24,2,18130340,44,0.045455,Kelowna,British Columbia
222,bca40704-6796-4e2a-a5a2-62493aad6374,2019-02-20,1,18130204,54,0.0185185,St. Albert,Alberta
240,bca40704-6796-4e2a-a5a2-62493aad6374,2019-02-21,1,18130204,54,0.0185185,St. Albert,Alberta
241,bca40704-6796-4e2a-a5a2-62493aad6374,2019-02-22,3,18130204,54,0.055555499999999994,St. Albert,Alberta
242,bca40704-6796-4e2a-a5a2-62493aad6374,2019-02-23,1,18130204,54,0.0185185,St. Albert,Alberta
243,bca40704-6796-4e2a-a5a2-62493aad6374,2019-02-24,1,18130204,54,0.0185185,St. Albert,Alberta
244,bca40704-6796-4e2a-a5a2-62493aad6374,2019-02-25,1,18130204,54,0.0185185,St. Albert,Alberta
245,bca40704-6796-4e2a-a5a2-62493aad6374,2019-02-26,1,18130204,54,0.0185185,St. Albert,Alberta
396,bf78c43c-bf1d-42e7-b53c-6253a80a34b3,2019-03-19,3,18128319,58,0.05,Dartmouth,Nouvelle-?cosse
416,bf78c43c-bf1d-42e7-b53c-6253a80a34b3,2019-03-20,1,18128319,58,0.017,Dartmouth N.-E.,Nouvelle-?cosse
417,bf78c43c-bf1d-42e7-b53c-6253a80a34b3,2019-03-21,2,18128319,58,0.034,Dartmouth N.-E.,Nouvelle-?cosse
418,bf78c43c-bf1d-42e7-b53c-6253a80a34b3,2019-03-22,1,18128319,58,0.017,Dartmouth N.-E.,Nouvelle-?cosse
419,bf78c43c-bf1d-42e7-b53c-6253a80a34b3,2019-03-23,2,18128319,58,0.03,Dartmouth N.-E.,Nouvelle-?cosse
420,bf78c43c-bf1d-42e7-b53c-6253a80a34b3,2019-03-24,2,18128319,58,0.03,Dartmouth N.-E.,Nouvelle-?cosse
326,c10907a9-2918-4e39-98d1-6d8dcee629c0,2019-02-20,1,18051513,53,0.0189,Vancouver,British Columbia
328,c10907a9-2918-4e39-98d1-6d8dcee629c0,2019-02-22,1,18051513,53,0.0189,Vancouver,British Columbia
329,c10907a9-2918-4e39-98d1-6d8dcee629c0,2019-02-23,4,18051513,53,0.07547000000000001,Vancouver,British Columbia
330,c10907a9-2918-4e39-98d1-6d8dcee629c0,2019-02-24,3,18051513,53,0.0566,Vancouver,British Columbia
331,c10907a9-2918-4e39-98d1-6d8dcee629c0,2019-02-25,2,18051513,53,0.0377,Vancouver,British Columbia
332,c10907a9-2918-4e39-98d1-6d8dcee629c0,2019-02-26,1,18051513,53,0.0189,Vancouver,British Columbia
334,c10907a9-2918-4e39-98d1-6d8dcee629c0,2019-02-28,1,18051513,53,0.0189,Vancouver,British Columbia
335,c10907a9-2918-4e39-98d1-6d8dcee629c0,2019-03-01,1,18051513,53,0.0189,Vancouver,British Columbia
336,c10907a9-2918-4e39-98d1-6d8dcee629c0,2019-03-02,3,18051513,53,0.0567,Vancouver,British Columbia
337,c10907a9-2918-4e39-98d1-6d8dcee629c0,2019-03-03,4,18051513,53,0.0756,Vancouver,British Columbia
338,c10907a9-2918-4e39-98d1-6d8dcee629c0,2019-03-04,4,18051513,53,0.0755,Vancouver,British Columbia
350,c10907a9-2918-4e39-98d1-6d8dcee629c0,2019-03-06,2,18051513,53,0.0377,Vancouver,British Columbia
212,c417c203-b8dd-4183-aa6e-10967b8d6108,2019-02-20,1,18047348,45,0.02,Ottawa,Ontario
219,c417c203-b8dd-4183-aa6e-10967b8d6108,2019-02-21,1,18047348,45,0.02,Ottawa,Ontario
224,c417c203-b8dd-4183-aa6e-10967b8d6108,2019-02-22,2,18047348,45,0.04,Ottawa,Ontario
223,c417c203-b8dd-4183-aa6e-10967b8d6108,2019-02-23,2,18047348,45,0.04,Ottawa,Ontario
225,c417c203-b8dd-4183-aa6e-10967b8d6108,2019-02-24,1,18047348,45,0.02,Ottawa,Ontario
226,c417c203-b8dd-4183-aa6e-10967b8d6108,2019-02-25,1,18047348,45,0.02,Ottawa,Ontario
227,c417c203-b8dd-4183-aa6e-10967b8d6108,2019-02-26,2,18047348,45,0.04,Ottawa,Ontario
94,c6d6037c-545f-4201-8eaa-5dd518480bd1,2019-02-19,1,18130212,49,0.020408163,East Angus,Quebec
411,c7ac3b2b-09d0-445f-809f-408a1c8456d4,2019-03-21,1,18051426,45,0.02,Eganville,Ontario
424,c7ac3b2b-09d0-445f-809f-408a1c8456d4,2019-03-22,1,18051426,45,0.02,Eganville,Ontario
425,c7ac3b2b-09d0-445f-809f-408a1c8456d4,2019-03-23,1,18051426,45,0.02,Eganville,Ontario
448,ce98fe7b-9cf0-4b11-ba00-63b599ea01e6,2019-03-20,2,17129223,56,0.0357,Ottawa,Ontario
449,ce98fe7b-9cf0-4b11-ba00-63b599ea01e6,2019-03-21,2,17129223,56,0.0357,Ottawa,Ontario
450,ce98fe7b-9cf0-4b11-ba00-63b599ea01e6,2019-03-22,1,17129223,56,0.0178,Ottawa,Ontario
523,ce98fe7b-9cf0-4b11-ba00-63b599ea01e6,2019-04-08,3,17129223,56,0.053570000000000007,Ottawa,Ontario
612,ce98fe7b-9cf0-4b11-ba00-63b599ea01e6,2019-04-18,3,17129223,56,0.053571429000000004,Ottawa,Ontario
611,ce98fe7b-9cf0-4b11-ba00-63b599ea01e6,2019-04-18,1,17129223,56,0.017857143,Ottawa,Ontario
633,ce98fe7b-9cf0-4b11-ba00-63b599ea01e6,2019-04-20,6,17129223,56,0.107142857,Ottawa,Ontario
613,ce98fe7b-9cf0-4b11-ba00-63b599ea01e6,2019-04-23,5,17129223,56,0.089285714,Ottawa,Ontario
614,ce98fe7b-9cf0-4b11-ba00-63b599ea01e6,2019-04-25,2,17129223,56,0.035714286,Ottawa,Ontario
634,ce98fe7b-9cf0-4b11-ba00-63b599ea01e6,2019-05-03,5,17129223,56,0.089285714,Ottawa,Ontario
620,d12248d8-f494-4b00-a9fd-e69e82abccb8,2019-04-24,4,18130254,56,0.071,Nepean,Ontario
621,d12248d8-f494-4b00-a9fd-e69e82abccb8,2019-04-25,5,18130254,56,0.08900000000000001,Nepean,Ontario
622,d12248d8-f494-4b00-a9fd-e69e82abccb8,2019-04-26,5,18130254,56,0.08900000000000001,Nepean,Ontario
623,d12248d8-f494-4b00-a9fd-e69e82abccb8,2019-04-27,6,18130254,56,0.107,Nepean,Ontario
624,d12248d8-f494-4b00-a9fd-e69e82abccb8,2019-04-29,9,18130254,56,0.161,Nepean,Ontario
72,d4f925c1-44d8-4209-902f-df2f6d9b6f50,2019-02-04,1,18046205,50,0.02,Sechelt,British Columbia
78,d4f925c1-44d8-4209-902f-df2f6d9b6f50,2019-02-06,1,18046205,50,0.02,Sechelt,British Columbia
209,d4f925c1-44d8-4209-902f-df2f6d9b6f50,2019-02-25,4,18046205,50,0.08,Sechelt,British Columbia
292,d4f925c1-44d8-4209-902f-df2f6d9b6f50,2019-02-27,1,18046205,50,0.02,Sechelt,British Columbia
323,d4f925c1-44d8-4209-902f-df2f6d9b6f50,2019-03-04,4,18046205,50,0.08,Sechelt,British Columbia
347,d4f925c1-44d8-4209-902f-df2f6d9b6f50,2019-03-06,2,18046205,50,0.04,Sechelt,British Columbia
358,d4f925c1-44d8-4209-902f-df2f6d9b6f50,2019-03-08,1,18046205,50,0.02,Sechelt,British Columbia
364,d4f925c1-44d8-4209-902f-df2f6d9b6f50,2019-03-11,2,18046205,50,0.04,Sechelt,British Columbia
501,d4f925c1-44d8-4209-902f-df2f6d9b6f50,2019-04-03,2,18046205,50,0.04,Sechelt,British Columbia
573,d4f925c1-44d8-4209-902f-df2f6d9b6f50,2019-04-15,4,18046205,50,0.08,Sechelt,British Columbia
75,d5f82152-5e9b-4112-86a0-4471b05b6f82,2019-02-05,1,18046205,50,0.02,Sechelt,British Columbia
88,d5f82152-5e9b-4112-86a0-4471b05b6f82,2019-02-14,6,18046205,50,0.12,Sechelt,British Columbia
103,d5f82152-5e9b-4112-86a0-4471b05b6f82,2019-02-19,3,18046205,50,0.06,Sechelt,British Columbia
96,d76ddb9e-b3e7-4616-b4ed-0b91f5062469,2019-02-19,1,18130212,49,0.020408163,East Angus,Quebec
127,d9e458d6-b7ce-4bf1-8ba3-62958a948c59,2019-02-21,1,18051343,52,0.019230768999999998,Trenton,Ontario
158,d9e458d6-b7ce-4bf1-8ba3-62958a948c59,2019-02-22,1,18051343,52,0.019230768999999998,Trenton,Ontario
262,d9e458d6-b7ce-4bf1-8ba3-62958a948c59,2019-02-26,1,18051343,52,0.019230768999999998,Trenton,Ontario
341,d9e458d6-b7ce-4bf1-8ba3-62958a948c59,2019-03-04,2,18051343,52,0.038461537999999997,Trenton,Ontario
359,d9e458d6-b7ce-4bf1-8ba3-62958a948c59,2019-03-07,2,18051343,52,0.038461537999999997,Trenton,Ontario
360,d9e458d6-b7ce-4bf1-8ba3-62958a948c59,2019-03-08,3,18051343,52,0.057692308,Trenton,Ontario
84,da3be5da-0ef7-4d36-84cb-c368409d9663,2019-02-11,2,18130249,49,0.04,London,Ontario
73,dad2387a-e40a-4a22-8ac7-1ff0c893d2da,2019-02-04,1,18046205,50,0.02,Sechelt,British Columbia
79,dad2387a-e40a-4a22-8ac7-1ff0c893d2da,2019-02-06,1,18046205,50,0.02,Sechelt,British Columbia
277,dad2387a-e40a-4a22-8ac7-1ff0c893d2da,2019-02-27,1,18046205,50,0.02,Sechelt,British Columbia
325,dad2387a-e40a-4a22-8ac7-1ff0c893d2da,2019-03-04,4,18046205,50,0.08,Sechelt,British Columbia
363,dad2387a-e40a-4a22-8ac7-1ff0c893d2da,2019-03-11,2,18046205,50,0.04,Sechelt,British Columbia
500,dad2387a-e40a-4a22-8ac7-1ff0c893d2da,2019-04-03,2,18047205,50,0.04,Sechelt,British Columbia
509,dad2387a-e40a-4a22-8ac7-1ff0c893d2da,2019-04-05,1,18046205,50,0.02,Sechelt,British Columbia
525,dad2387a-e40a-4a22-8ac7-1ff0c893d2da,2019-04-08,7,18046205,50,0.14,Sechelt,British Columbia
572,dad2387a-e40a-4a22-8ac7-1ff0c893d2da,2019-04-15,4,18046205,50,0.08,Sechelt,British Columbia
616,dad2387a-e40a-4a22-8ac7-1ff0c893d2da,2019-04-26,6,18046205,50,0.12,Sechelt,British Columbia
632,dad2387a-e40a-4a22-8ac7-1ff0c893d2da,2019-05-01,2,18046205,50,0.04,Sechelt,British Columbia
155,df5eceb7-3194-4e9a-86e0-b5e9f1ac8413,2019-02-22,1,18051554,47,0.021276596000000002,Longueuil,Quebec
177,df5eceb7-3194-4e9a-86e0-b5e9f1ac8413,2019-02-24,1,18051554,47,0.021276596000000002,Longueuil,Quebec
159,e053901a-f834-44f5-93d0-e2b88c9b7cdc,2019-02-20,1,18130214,57,0.01754386,Vancouver,British Columbia
228,e053901a-f834-44f5-93d0-e2b88c9b7cdc,2019-02-22,2,18130214,57,0.035087718999999996,Vancouver,British Columbia
229,e053901a-f834-44f5-93d0-e2b88c9b7cdc,2019-02-23,1,18130214,57,0.017543859,Vancouver,British Columbia
312,e053901a-f834-44f5-93d0-e2b88c9b7cdc,2019-02-25,2,18130214,57,0.035087718999999996,Vancouver,British Columbia
313,e053901a-f834-44f5-93d0-e2b88c9b7cdc,2019-02-27,3,18130214,57,0.05231578,Vancouver,British Columbia
526,e053901a-f834-44f5-93d0-e2b88c9b7cdc,2019-04-02,1,18130214,57,0.017543859,Vancouver,British Columbia
527,e053901a-f834-44f5-93d0-e2b88c9b7cdc,2019-04-03,1,18130214,57,0.017543859,Vancouver,British Columbia
529,e053901a-f834-44f5-93d0-e2b88c9b7cdc,2019-04-05,1,18130214,57,0.017543859,Vancouver,British Columbia
532,e053901a-f834-44f5-93d0-e2b88c9b7cdc,2019-04-08,1,18130214,57,0.017543859,Vancouver,British Columbia
551,e17cb1e0-83d1-4814-8e94-12d922867976,2019-03-22,1,17121154,49,0.020408163,Ottawa,Ontario
552,e17cb1e0-83d1-4814-8e94-12d922867976,2019-03-27,2,17121154,49,0.040816327,Ottawa,Ontario
553,e17cb1e0-83d1-4814-8e94-12d922867976,2019-04-03,1,17121154,49,0.020408163,Ottawa,Ontario
137,e252569c-3a8f-4ee0-850b-34aa38011db4,2019-02-21,2,18129253,45,0.04444444400000001,Coquitlam,British Columbia
303,e252569c-3a8f-4ee0-850b-34aa38011db4,2019-02-22,1,18129253,45,0.022222222000000003,Coquitlam,British Columbia
302,e252569c-3a8f-4ee0-850b-34aa38011db4,2019-02-23,2,18129253,45,0.04444444400000001,Coquitlam,British Columbia
206,e252569c-3a8f-4ee0-850b-34aa38011db4,2019-02-24,4,18129253,45,0.088888889,Coquitlam,British Columbia
301,e252569c-3a8f-4ee0-850b-34aa38011db4,2019-02-24,4,18129253,45,0.088888889,Coquitlam,British Columbia
299,e252569c-3a8f-4ee0-850b-34aa38011db4,2019-02-27,1,18129253,45,0.022222222000000003,Coquitlam,British Columbia
300,e252569c-3a8f-4ee0-850b-34aa38011db4,2019-02-28,1,18129253,45,0.022222222000000003,Coquitlam,British Columbia
520,e5e41b63-370f-44f3-9a50-dc79cf9c884b,2019-03-29,2,18130102,53,0.038,Oakville,Ontario
521,e5e41b63-370f-44f3-9a50-dc79cf9c884b,2019-04-05,3,18130102,53,0.057,Oakville,Ontario
599,e5e41b63-370f-44f3-9a50-dc79cf9c884b,2019-04-08,3,18130102,53,0.057,Oakville,Ontario
600,e5e41b63-370f-44f3-9a50-dc79cf9c884b,2019-04-11,6,18130102,53,0.113,Oakville,Ontario
597,e5e41b63-370f-44f3-9a50-dc79cf9c884b,2019-04-15,3,18130108,53,0.057,Oakville,Ontario
598,e5e41b63-370f-44f3-9a50-dc79cf9c884b,2019-04-18,7,18130102,53,0.132,Oakville,Ontario
596,e5e41b63-370f-44f3-9a50-dc79cf9c884b,2019-04-23,5,18830102,53,0.094,Oakville,Ontario
637,e5e41b63-370f-44f3-9a50-dc79cf9c884b,2019-04-26,7,18130102,53,0.132,Oakville,Ontario
638,e5e41b63-370f-44f3-9a50-dc79cf9c884b,2019-04-29,6,18130102,53,0.1132,Oakville,Ontario
639,e5e41b63-370f-44f3-9a50-dc79cf9c884b,2019-05-03,5,18130102,53,0.09433,Oakville,Ontario
640,e5e41b63-370f-44f3-9a50-dc79cf9c884b,2019-05-06,2,18130102,53,0.03773,Oakville,Ontario
650,e5e41b63-370f-44f3-9a50-dc79cf9c884b,2019-05-09,1,18130102,53,0.0189,Oakville,Ontario
651,e5e41b63-370f-44f3-9a50-dc79cf9c884b,2019-05-13,2,18130102,53,0.037735849,Oakville,Ontario
652,e5e41b63-370f-44f3-9a50-dc79cf9c884b,2019-05-17,3,18130102,53,0.0566,Oakville,Ontario
653,e5e41b63-370f-44f3-9a50-dc79cf9c884b,2019-05-21,4,18130102,53,0.075471698,Oakville,Ontario
544,e88d4cff-021d-4b4d-bdef-f05783598825,2019-02-25,16,17129159,49,0.327,Saskatoon,Saskatchewan
545,e88d4cff-021d-4b4d-bdef-f05783598825,2019-02-25,16,18051545,54,0.29600000000000004,Saskatoon,Saskatchewan
694,ec82772c-98ac-491c-9320-2af5a1565170,2019-02-28,1,17129123,43,0.023256,Saint-Jerome,Quebec
695,f0ef6998-fb27-4281-9060-0a8f458cd529,2019-01-21,2,18130340,44,0.045455,Kelowna,British Columbia
568,f442a65d-3f0b-4a1d-a43f-a5911f80006f,2019-02-26,4,16260125,50,0.08,Montreal,Quebec
566,f442a65d-3f0b-4a1d-a43f-a5911f80006f,2019-03-12,4,16260125,50,0.08,Montreal,Quebec
556,f442a65d-3f0b-4a1d-a43f-a5911f80006f,2019-03-14,2,16260125,50,0.04,Montreal,Quebec
558,f442a65d-3f0b-4a1d-a43f-a5911f80006f,2019-03-20,2,16260125,50,0.04,Montreal,Quebec
560,f442a65d-3f0b-4a1d-a43f-a5911f80006f,2019-03-20,2,16260125,50,0.04,Montreal,Quebec
563,f442a65d-3f0b-4a1d-a43f-a5911f80006f,2019-03-26,4,16260125,50,0.08,Montreal,Quebec
569,f442a65d-3f0b-4a1d-a43f-a5911f80006f,2019-04-12,1,16260125,50,0.02,Montreal,Quebec
625,f442a65d-3f0b-4a1d-a43f-a5911f80006f,2019-04-16,2,16260125,50,0.04,Montreal,Quebec
587,f442a65d-3f0b-4a1d-a43f-a5911f80006f,2019-04-16,2,16260125,50,0.04,Montreal,Quebec
631,f442a65d-3f0b-4a1d-a43f-a5911f80006f,2019-04-30,3,16260125,50,0.06,Montreal,Quebec
635,f442a65d-3f0b-4a1d-a43f-a5911f80006f,2019-05-02,1,16260125,50,0.02,Montreal,Quebec
636,f442a65d-3f0b-4a1d-a43f-a5911f80006f,2019-05-06,9,16260125,50,0.18,Montreal,Quebec
406,f454b9ad-9cbb-4817-a4c5-b0eddced5bd3,2019-03-21,1,17170223,47,0.021276596000000002,Camrose,Alberta
250,f67c875d-efc7-462a-9c19-6cbb18774fe9,2019-02-23,3,18129417,47,0.06,Toronto,Ontario
251,f67c875d-efc7-462a-9c19-6cbb18774fe9,2019-02-24,4,18129417,47,0.08,Toronto,Ontario
252,f67c875d-efc7-462a-9c19-6cbb18774fe9,2019-02-25,3,18129417,47,0.06,Toronto,Ontario
253,f67c875d-efc7-462a-9c19-6cbb18774fe9,2019-02-26,3,18129417,47,0.06,Toronto,Ontario
584,faf2b946-8817-4d71-a1f1-2e9b5075b303,2019-03-26,6,18047312,44,0.1363636,St-Felix-de-Valois,Quebec
585,faf2b946-8817-4d71-a1f1-2e9b5075b303,2019-03-27,8,18047312,44,0.181818182,St-Felix-de-Valois,Quebec
586,faf2b946-8817-4d71-a1f1-2e9b5075b303,2019-03-28,8,18047312,44,0.181818182,St-Felix-de-Valois,Quebec
461,faf2b946-8817-4d71-a1f1-2e9b5075b303,2019-03-29,12,18047312,44,0.272727273,St-Felix-de-Valois,Quebec
487,faf2b946-8817-4d71-a1f1-2e9b5075b303,2019-04-01,12,18047312,44,0.272727273,St-Felix-de-Valois,Quebec
496,faf2b946-8817-4d71-a1f1-2e9b5075b303,2019-04-02,13,18047312,44,0.295454545,St-Felix-de-Valois,Quebec
507,faf2b946-8817-4d71-a1f1-2e9b5075b303,2019-04-05,14,18047312,44,0.318181818,St-Felix-de-Valois,Quebec
583,faf2b946-8817-4d71-a1f1-2e9b5075b303,2019-04-25,5,18947312,44,0.11363636,St-Felix-de-Valois,Quebec
686,fb1afc76-5b15-4ded-9e8f-d38213229c26,2019-06-05,2,18051257,51,0.039216,Hamilton,Ontario
687,fb1afc76-5b15-4ded-9e8f-d38213229c26,2019-06-06,4,18051257,51,0.078431,Hamilton,Ontario
689,fb1afc76-5b15-4ded-9e8f-d38213229c26,2019-06-08,1,18051257,51,0.019608,Hamilton,Ontario
